TripType,VisitNumber,Weekday,Upc,ScanCount,DepartmentDescription,FinelineNumber
999,484,Friday,,-2,,
999,484,Friday,,-2,,
5,585,Friday,,1,PHARMACY RX,
5,619,Friday,,1,PHARMACY RX,
5,619,Friday,,1,PHARMACY RX,
5,619,Friday,,1,PHARMACY RX,
32,845,Friday,,1,,
32,845,Friday,,1,,
40,1004,Friday,,1,,
5,1073,Friday,,1,PHARMACY RX,
5,1170,Friday,,1,PHARMACY RX,
44,1236,Friday,,1,,
9,1355,Friday,,1,PHARMACY RX,
5,1402,Friday,,1,PHARMACY RX,
5,1487,Friday,,1,PHARMACY RX,
5,1487,Friday,,1,PHARMACY RX,
5,1597,Friday,,1,PHARMACY RX,
5,1652,Friday,,1,PHARMACY RX,
5,1652,Friday,,1,PHARMACY RX,
5,1652,Friday,,1,PHARMACY RX,
15,1664,Friday,,-1,,
15,1664,Friday,,1,,
5,1676,Friday,,1,PHARMACY RX,
5,1729,Friday,,1,PHARMACY RX,
5,1729,Friday,,1,PHARMACY RX,
5,1729,Friday,,1,PHARMACY RX,
5,1851,Friday,,1,PHARMACY RX,
5,1851,Friday,,1,PHARMACY RX,
5,1851,Friday,,1,PHARMACY RX,
5,1851,Friday,,1,PHARMACY RX,
5,1851,Friday,,1,PHARMACY RX,
5,1860,Friday,,1,PHARMACY RX,
5,1860,Friday,,1,PHARMACY RX,
5,1860,Friday,,1,PHARMACY RX,
5,1860,Friday,,1,PHARMACY RX,
5,1860,Friday,,1,PHARMACY RX,
5,1860,Friday,,1,PHARMACY RX,
5,1860,Friday,,1,PHARMACY RX,
5,1879,Friday,,1,PHARMACY RX,
5,1879,Friday,,1,PHARMACY RX,
999,2245,Friday,,-1,,
32,2339,Friday,,1,,
5,2374,Friday,,1,PHARMACY RX,
5,2390,Friday,,1,PHARMACY RX,
5,2489,Friday,,1,PHARMACY RX,
5,2489,Friday,,1,PHARMACY RX,
5,2489,Friday,,1,PHARMACY RX,
5,2489,Friday,,1,PHARMACY RX,
5,2489,Friday,,1,PHARMACY RX,
5,2622,Friday,,1,PHARMACY RX,
5,2685,Friday,,1,PHARMACY RX,
5,2768,Friday,,1,PHARMACY RX,
38,2881,Friday,,1,,
999,3004,Friday,,1,,
999,3149,Friday,,1,,
5,3162,Friday,,1,PHARMACY RX,
38,3173,Friday,,1,,
39,3179,Friday,,1,,
32,3208,Friday,,1,,
5,3232,Friday,,1,PHARMACY RX,
5,3545,Friday,,1,PHARMACY RX,
5,3646,Friday,,1,PHARMACY RX,
5,3646,Friday,,1,PHARMACY RX,
25,3834,Friday,,1,,
5,3952,Friday,,1,PHARMACY RX,
5,3993,Friday,,1,PHARMACY RX,
5,4133,Friday,,1,PHARMACY RX,
5,4170,Friday,,1,PHARMACY RX,
5,4170,Friday,,1,PHARMACY RX,
5,4170,Friday,,1,PHARMACY RX,
5,4174,Friday,,1,PHARMACY RX,
40,4378,Friday,,1,,
5,4519,Friday,,1,PHARMACY RX,
5,4602,Friday,,1,PHARMACY RX,
5,4602,Friday,,1,PHARMACY RX,
5,4602,Friday,,1,PHARMACY RX,
8,4666,Friday,,1,,
24,4684,Friday,,1,,
25,4744,Friday,,1,,
5,4762,Friday,,1,PHARMACY RX,
5,4762,Friday,,1,PHARMACY RX,
999,4884,Friday,,1,,
5,4949,Friday,,1,PHARMACY RX,
5,4949,Friday,,1,PHARMACY RX,
39,4970,Friday,,1,PHARMACY RX,
5,5203,Friday,,1,PHARMACY RX,
5,5203,Friday,,1,PHARMACY RX,
5,5203,Friday,,1,PHARMACY RX,
5,5203,Friday,,1,PHARMACY RX,
5,5235,Friday,,1,PHARMACY RX,
5,5313,Friday,,1,PHARMACY RX,
40,5790,Friday,,1,,
43,5898,Friday,,1,,
40,5919,Friday,,1,,
39,5982,Friday,,1,,
32,6192,Friday,,1,,
37,6257,Saturday,,1,,
9,6336,Saturday,,1,,
5,6576,Saturday,,1,PHARMACY RX,
5,6633,Saturday,,1,PHARMACY RX,
999,6836,Saturday,,-1,,
5,6866,Saturday,,1,PHARMACY RX,
40,7009,Saturday,,1,,
5,7017,Saturday,,1,PHARMACY RX,
5,7184,Saturday,,1,,
40,7204,Saturday,,1,,
5,7286,Saturday,,1,PHARMACY RX,
5,7420,Saturday,,1,PHARMACY RX,
5,7420,Saturday,,1,PHARMACY RX,
5,7420,Saturday,,1,PHARMACY RX,
5,7420,Saturday,,1,PHARMACY RX,
5,7420,Saturday,,1,PHARMACY RX,
5,7420,Saturday,,1,PHARMACY RX,
5,7420,Saturday,,1,PHARMACY RX,
5,7463,Saturday,,1,PHARMACY RX,
5,7620,Saturday,,1,PHARMACY RX,
5,7620,Saturday,,1,PHARMACY RX,
5,7638,Saturday,,1,PHARMACY RX,
5,7736,Saturday,,1,PHARMACY RX,
5,7736,Saturday,,1,PHARMACY RX,
5,7777,Saturday,,1,PHARMACY RX,
5,7810,Saturday,,1,PHARMACY RX,
5,7810,Saturday,,1,PHARMACY RX,
5,7810,Saturday,,1,PHARMACY RX,
5,7811,Saturday,,1,PHARMACY RX,
25,7995,Saturday,,2,,
40,8027,Saturday,,1,,
5,8145,Saturday,,1,PHARMACY RX,
5,8163,Saturday,,1,PHARMACY RX,
5,8176,Saturday,,1,PHARMACY RX,
5,8176,Saturday,,1,PHARMACY RX,
5,8176,Saturday,,1,PHARMACY RX,
5,8203,Saturday,,1,PHARMACY RX,
25,8204,Saturday,,1,,
5,8257,Saturday,,1,PHARMACY RX,
5,8257,Saturday,,1,PHARMACY RX,
5,8257,Saturday,,1,PHARMACY RX,
8,8335,Saturday,,1,,
38,8354,Saturday,,1,,
999,8681,Saturday,,-1,,
5,8939,Saturday,,1,PHARMACY RX,
5,9004,Saturday,,1,PHARMACY RX,
5,9004,Saturday,,1,PHARMACY RX,
5,9004,Saturday,,1,PHARMACY RX,
5,9004,Saturday,,1,PHARMACY RX,
5,9018,Saturday,,1,PHARMACY RX,
39,9080,Saturday,,1,,
999,9081,Saturday,,-6,,
5,9196,Saturday,,1,PHARMACY RX,
999,9378,Saturday,,-1,,
999,9378,Saturday,,1,,
5,9494,Saturday,,1,PHARMACY RX,
5,9494,Saturday,,1,PHARMACY RX,
5,9534,Saturday,,1,PHARMACY RX,
5,9631,Saturday,,1,PHARMACY RX,
5,9631,Saturday,,1,PHARMACY RX,
5,9639,Saturday,,1,PHARMACY RX,
5,9639,Saturday,,1,PHARMACY RX,
5,9639,Saturday,,1,PHARMACY RX,
999,9758,Saturday,,-1,,
7,9912,Saturday,,1,,
5,9975,Saturday,,1,PHARMACY RX,
22,10166,Saturday,,3,,
22,10166,Saturday,,2,,
5,10210,Saturday,,1,PHARMACY RX,
5,10301,Saturday,,1,PHARMACY RX,
5,10301,Saturday,,1,PHARMACY RX,
44,10438,Saturday,,1,,
40,10675,Saturday,,1,,
27,10725,Saturday,,1,,
5,10819,Saturday,,1,PHARMACY RX,
5,10819,Saturday,,1,PHARMACY RX,
40,10964,Saturday,,1,,
5,11049,Saturday,,1,PHARMACY RX,
36,11162,Saturday,,1,,
5,11172,Saturday,,1,PHARMACY RX,
15,11177,Saturday,,4,,
5,11192,Saturday,,1,PHARMACY RX,
5,11192,Saturday,,1,PHARMACY RX,
5,11208,Saturday,,1,PHARMACY RX,
8,11351,Saturday,,1,,
9,11417,Saturday,,1,,
32,11879,Saturday,,1,,
36,12504,Saturday,,1,,
41,12593,Saturday,,1,,
30,12604,Saturday,,1,,
24,12612,Saturday,,1,,
42,12835,Saturday,,1,,
7,12975,Sunday,,1,,
5,13417,Sunday,,1,PHARMACY RX,
5,13470,Sunday,,1,PHARMACY RX,
5,13470,Sunday,,1,PHARMACY RX,
5,13470,Sunday,,1,PHARMACY RX,
9,13555,Sunday,,1,,
5,13608,Sunday,,1,PHARMACY RX,
5,13746,Sunday,,1,PHARMACY RX,
5,13824,Sunday,,1,PHARMACY RX,
9,13867,Sunday,,1,,
38,13906,Sunday,,1,,
5,14030,Sunday,,1,PHARMACY RX,
5,14030,Sunday,,1,PHARMACY RX,
999,14110,Sunday,,-1,,
5,14173,Sunday,,1,PHARMACY RX,
37,14240,Sunday,,1,,
5,14249,Sunday,,1,PHARMACY RX,
8,14298,Sunday,,1,,
5,14389,Sunday,,1,PHARMACY RX,
5,14389,Sunday,,1,PHARMACY RX,
999,14455,Sunday,,-2,,
999,14478,Sunday,,-1,,
5,14647,Sunday,,1,PHARMACY RX,
44,14667,Sunday,,3,,
44,14667,Sunday,,1,,
5,14671,Sunday,,1,PHARMACY RX,
999,14675,Sunday,,1,,
999,14675,Sunday,,-1,,
999,14678,Sunday,,1,,
999,14678,Sunday,,-1,,
999,14684,Sunday,,1,,
5,14703,Sunday,,1,PHARMACY RX,
5,14714,Sunday,,1,PHARMACY RX,
5,14714,Sunday,,1,PHARMACY RX,
5,14714,Sunday,,1,PHARMACY RX,
5,14714,Sunday,,1,PHARMACY RX,
5,14714,Sunday,,1,PHARMACY RX,
40,14790,Sunday,,1,,
40,14832,Sunday,,1,,
25,15037,Sunday,,2,,
25,15037,Sunday,,2,,
25,15037,Sunday,,2,,
5,15129,Sunday,,1,PHARMACY RX,
40,15153,Sunday,,1,,
5,15503,Sunday,,1,PHARMACY RX,
5,15557,Sunday,,1,,
5,15562,Sunday,,1,PHARMACY RX,
24,15586,Sunday,,1,,
999,15664,Sunday,,-1,,
5,15689,Sunday,,1,,
40,15985,Sunday,,1,,
5,16040,Sunday,,1,PHARMACY RX,
5,16040,Sunday,,1,PHARMACY RX,
5,16040,Sunday,,1,PHARMACY RX,
5,16254,Sunday,,1,PHARMACY RX,
5,16254,Sunday,,1,PHARMACY RX,
5,16254,Sunday,,1,PHARMACY RX,
24,16405,Sunday,,1,,
41,16551,Sunday,,1,,
999,16747,Sunday,,1,,
5,17045,Sunday,,1,PHARMACY RX,
5,17076,Sunday,,1,PHARMACY RX,
38,17081,Sunday,,1,,
5,17132,Sunday,,1,PHARMACY RX,
5,17132,Sunday,,1,PHARMACY RX,
5,17153,Sunday,,1,PHARMACY RX,
40,17291,Sunday,,1,,
40,17526,Sunday,,1,,
39,17839,Sunday,,1,,
34,17852,Sunday,,1,,
34,18079,Sunday,,1,,
41,18092,Sunday,,1,,
41,18092,Sunday,,1,,
999,18103,Sunday,,1,,
40,18358,Sunday,,2,,
40,18358,Sunday,,1,,
44,18427,Sunday,,1,,
39,18743,Sunday,,1,,
24,18870,Sunday,,1,,
8,19086,Sunday,,2,,
8,19086,Sunday,,-1,,
8,19086,Sunday,,1,,
37,19338,Sunday,,1,,
37,19338,Sunday,,-1,,
24,19409,Sunday,,1,,
33,19891,Monday,,1,,
5,20119,Monday,,1,PHARMACY RX,
5,20160,Monday,,1,PHARMACY RX,
5,20199,Monday,,1,PHARMACY RX,
5,20199,Monday,,1,PHARMACY RX,
5,20199,Monday,,1,PHARMACY RX,
5,20199,Monday,,1,PHARMACY RX,
5,20395,Monday,,1,PHARMACY RX,
5,20395,Monday,,1,PHARMACY RX,
39,20406,Monday,,1,,
5,20412,Monday,,1,PHARMACY RX,
5,20412,Monday,,1,PHARMACY RX,
5,20412,Monday,,1,PHARMACY RX,
5,20412,Monday,,1,PHARMACY RX,
5,20412,Monday,,1,PHARMACY RX,
5,20477,Monday,,1,PHARMACY RX,
5,20523,Monday,,1,PHARMACY RX,
5,20554,Monday,,1,PHARMACY RX,
39,20632,Monday,,1,,
37,20691,Monday,,1,,
5,20733,Monday,,1,PHARMACY RX,
43,20750,Monday,,1,PHARMACY RX,
7,20817,Monday,,1,,
5,20819,Monday,,1,PHARMACY RX,
999,20844,Monday,,-1,,
9,20921,Monday,,1,,
5,20939,Monday,,1,,
5,20982,Monday,,1,PHARMACY RX,
5,20982,Monday,,1,PHARMACY RX,
5,20982,Monday,,1,PHARMACY RX,
5,20982,Monday,,1,PHARMACY RX,
5,21025,Monday,,1,PHARMACY RX,
999,21027,Monday,,-1,,
5,21039,Monday,,1,PHARMACY RX,
40,21046,Monday,,1,,
5,21071,Monday,,1,PHARMACY RX,
999,21319,Monday,,1,PHARMACY RX,
999,21319,Monday,,1,PHARMACY RX,
999,21319,Monday,,-1,PHARMACY RX,
999,21319,Monday,,-1,PHARMACY RX,
999,21319,Monday,,1,PHARMACY RX,
999,21319,Monday,,-1,PHARMACY RX,
5,21365,Monday,,1,PHARMACY RX,
5,21365,Monday,,1,PHARMACY RX,
32,21427,Monday,,1,,
44,21493,Monday,,1,,
39,21549,Monday,,1,,
41,21614,Monday,,2,,
25,22047,Monday,,1,,
5,22083,Monday,,1,PHARMACY RX,
5,22097,Monday,,1,PHARMACY RX,
999,22361,Monday,,-1,,
5,22448,Monday,,1,PHARMACY RX,
5,22461,Monday,,1,PHARMACY RX,
5,22475,Monday,,1,PHARMACY RX,
5,22476,Monday,,1,PHARMACY RX,
999,22503,Monday,,-1,,
5,22603,Monday,,1,PHARMACY RX,
5,22678,Monday,,1,PHARMACY RX,
44,22736,Monday,,1,,
5,22772,Monday,,1,PHARMACY RX,
5,22776,Monday,,1,PHARMACY RX,
5,22962,Monday,,1,PHARMACY RX,
5,22962,Monday,,1,PHARMACY RX,
5,22962,Monday,,1,PHARMACY RX,
39,23014,Monday,,1,,
8,23229,Monday,,1,,
999,23256,Monday,,-1,,
999,23272,Monday,,-1,,
43,23437,Monday,,1,PHARMACY RX,
5,23704,Monday,,1,PHARMACY RX,
5,23704,Monday,,1,PHARMACY RX,
5,23704,Monday,,1,PHARMACY RX,
5,23704,Monday,,1,PHARMACY RX,
999,23725,Monday,,-1,,
999,23725,Monday,,-1,,
5,23734,Monday,,1,PHARMACY RX,
5,23757,Monday,,1,PHARMACY RX,
5,23757,Monday,,1,,
39,23793,Monday,,1,,
39,23793,Monday,,1,,
5,23820,Monday,,1,PHARMACY RX,
5,23820,Monday,,1,PHARMACY RX,
5,23858,Monday,,1,PHARMACY RX,
5,23967,Monday,,1,PHARMACY RX,
5,23967,Monday,,1,PHARMACY RX,
5,23967,Monday,,1,PHARMACY RX,
5,23967,Monday,,1,PHARMACY RX,
9,24127,Monday,,1,,
5,24196,Monday,,1,PHARMACY RX,
5,24212,Monday,,1,PHARMACY RX,
5,24212,Monday,,1,PHARMACY RX,
5,24212,Monday,,1,PHARMACY RX,
5,24227,Monday,,1,PHARMACY RX,
999,24305,Monday,,-1,,
5,24317,Monday,,1,PHARMACY RX,
37,24321,Monday,,1,,
33,24369,Monday,,1,,
999,24561,Monday,,-1,,
999,24592,Monday,,-1,,
5,24647,Monday,,1,PHARMACY RX,
41,24657,Monday,,1,,
5,24770,Monday,,1,PHARMACY RX,
5,24790,Monday,,1,PHARMACY RX,
5,24790,Monday,,1,PHARMACY RX,
21,24836,Monday,,1,,
40,24933,Monday,,1,,
39,24957,Monday,,1,PHARMACY RX,
39,25174,Monday,,1,,
39,25322,Monday,,-1,,
39,25322,Monday,,2,,
24,25527,Monday,,1,,
15,25724,Monday,,1,,
15,25724,Monday,,1,,
44,26206,Tuesday,,1,,
5,26303,Tuesday,,1,PHARMACY RX,
5,26303,Tuesday,,1,PHARMACY RX,
5,26583,Tuesday,,1,PHARMACY RX,
5,26633,Tuesday,,1,PHARMACY RX,
5,26676,Tuesday,,1,PHARMACY RX,
5,26716,Tuesday,,1,PHARMACY RX,
5,26809,Tuesday,,1,PHARMACY RX,
5,26809,Tuesday,,1,PHARMACY RX,
5,26809,Tuesday,,1,PHARMACY RX,
5,26809,Tuesday,,1,PHARMACY RX,
5,26809,Tuesday,,1,PHARMACY RX,
5,26809,Tuesday,,1,PHARMACY RX,
5,26952,Tuesday,,1,PHARMACY RX,
5,27011,Tuesday,,1,PHARMACY RX,
5,27011,Tuesday,,1,PHARMACY RX,
5,27040,Tuesday,,1,PHARMACY RX,
5,27040,Tuesday,,1,PHARMACY RX,
5,27220,Tuesday,,1,PHARMACY RX,
5,27268,Tuesday,,1,PHARMACY RX,
42,27271,Tuesday,,1,,
40,27565,Tuesday,,1,,
40,27565,Tuesday,,1,,
36,27621,Tuesday,,1,,
5,27904,Tuesday,,1,PHARMACY RX,
5,27904,Tuesday,,1,PHARMACY RX,
5,27904,Tuesday,,1,PHARMACY RX,
38,27921,Tuesday,,1,,
25,27967,Tuesday,,1,PHARMACY RX,
25,27967,Tuesday,,1,PHARMACY RX,
3,27979,Tuesday,,1,,
5,27985,Tuesday,,1,PHARMACY RX,
5,27985,Tuesday,,1,PHARMACY RX,
5,28012,Tuesday,,1,PHARMACY RX,
5,28371,Tuesday,,1,PHARMACY RX,
999,28538,Tuesday,,-1,PHARMACY RX,
999,28538,Tuesday,,-1,PHARMACY RX,
5,28601,Tuesday,,1,PHARMACY RX,
8,28604,Tuesday,,1,,
24,28614,Tuesday,,1,,
3,28665,Tuesday,,1,,
44,28782,Tuesday,,1,,
44,28782,Tuesday,,1,,
8,28830,Tuesday,,1,,
37,29039,Tuesday,,1,,
9,29068,Tuesday,,1,,
40,29196,Tuesday,,2,,
5,29213,Tuesday,,1,PHARMACY RX,
5,29213,Tuesday,,1,PHARMACY RX,
5,29213,Tuesday,,1,PHARMACY RX,
5,29311,Tuesday,,1,PHARMACY RX,
5,29311,Tuesday,,1,PHARMACY RX,
5,29311,Tuesday,,1,PHARMACY RX,
5,29311,Tuesday,,1,PHARMACY RX,
5,29439,Tuesday,,1,PHARMACY RX,
5,29452,Tuesday,,1,PHARMACY RX,
5,29545,Tuesday,,1,PHARMACY RX,
5,29584,Tuesday,,1,PHARMACY RX,
5,29677,Tuesday,,1,PHARMACY RX,
5,29768,Tuesday,,1,PHARMACY RX,
5,29768,Tuesday,,1,PHARMACY RX,
5,29858,Tuesday,,1,PHARMACY RX,
5,29858,Tuesday,,1,PHARMACY RX,
5,29858,Tuesday,,1,PHARMACY RX,
5,29869,Tuesday,,1,PHARMACY RX,
37,29924,Tuesday,,1,,
5,29974,Tuesday,,1,PHARMACY RX,
5,29974,Tuesday,,1,PHARMACY RX,
5,29988,Tuesday,,1,PHARMACY RX,
5,30098,Tuesday,,1,PHARMACY RX,
5,30149,Tuesday,,1,PHARMACY RX,
999,30249,Tuesday,,1,,
15,30256,Tuesday,,1,,
43,30340,Tuesday,,1,,
999,30350,Tuesday,,-1,,
24,30374,Tuesday,,1,,
44,30449,Tuesday,,1,,
5,30469,Tuesday,,1,PHARMACY RX,
41,30481,Tuesday,,1,,
30,30501,Tuesday,,1,,
44,30582,Tuesday,,1,,
5,30609,Tuesday,,1,PHARMACY RX,
5,30609,Tuesday,,1,PHARMACY RX,
5,30629,Tuesday,,1,PHARMACY RX,
5,30629,Tuesday,,1,PHARMACY RX,
9,30634,Tuesday,,2,,
40,30661,Tuesday,,1,,
5,30678,Tuesday,,1,PHARMACY RX,
40,31049,Tuesday,,1,,
24,31153,Tuesday,,1,,
25,31185,Tuesday,,1,,
37,31210,Tuesday,,1,,
3,31249,Tuesday,,1,,
3,31274,Tuesday,,1,,
44,31280,Tuesday,,1,,
44,31280,Tuesday,,1,,
999,31902,Wednesday,,1,PHARMACY RX,
5,32124,Wednesday,,1,PHARMACY RX,
5,32124,Wednesday,,1,PHARMACY RX,
5,32124,Wednesday,,1,PHARMACY RX,
5,32124,Wednesday,,1,PHARMACY RX,
5,32124,Wednesday,,1,PHARMACY RX,
25,32148,Wednesday,,1,,
36,32418,Wednesday,,1,,
5,32424,Wednesday,,1,PHARMACY RX,
5,32439,Wednesday,,1,PHARMACY RX,
5,32439,Wednesday,,1,PHARMACY RX,
5,32439,Wednesday,,1,PHARMACY RX,
5,32439,Wednesday,,1,PHARMACY RX,
5,32439,Wednesday,,1,PHARMACY RX,
5,32492,Wednesday,,1,PHARMACY RX,
5,32556,Wednesday,,1,PHARMACY RX,
5,32574,Wednesday,,1,PHARMACY RX,
5,32574,Wednesday,,1,PHARMACY RX,
25,32687,Wednesday,,1,,
5,32819,Wednesday,,1,PHARMACY RX,
5,32819,Wednesday,,1,PHARMACY RX,
5,32819,Wednesday,,1,PHARMACY RX,
5,32892,Wednesday,,1,PHARMACY RX,
5,32892,Wednesday,,1,PHARMACY RX,
37,32999,Wednesday,,1,,
5,33023,Wednesday,,1,PHARMACY RX,
5,33023,Wednesday,,1,PHARMACY RX,
5,33023,Wednesday,,1,PHARMACY RX,
25,33140,Wednesday,,1,,
5,33164,Wednesday,,1,PHARMACY RX,
5,33185,Wednesday,,1,PHARMACY RX,
5,33185,Wednesday,,1,PHARMACY RX,
5,33185,Wednesday,,1,PHARMACY RX,
5,33185,Wednesday,,1,PHARMACY RX,
5,33325,Wednesday,,1,PHARMACY RX,
39,33534,Wednesday,,1,,
7,33586,Wednesday,,1,,
5,33782,Wednesday,,1,PHARMACY RX,
5,33815,Wednesday,,1,PHARMACY RX,
5,33815,Wednesday,,1,PHARMACY RX,
5,33826,Wednesday,,1,PHARMACY RX,
5,33858,Wednesday,,1,PHARMACY RX,
5,33935,Wednesday,,1,PHARMACY RX,
999,33950,Wednesday,,-1,PHARMACY RX,
5,33985,Wednesday,,1,PHARMACY RX,
24,34011,Wednesday,,2,,
40,34128,Wednesday,,1,,
5,34164,Wednesday,,1,PHARMACY RX,
5,34164,Wednesday,,1,PHARMACY RX,
5,34389,Wednesday,,1,PHARMACY RX,
5,34548,Wednesday,,1,PHARMACY RX,
5,34548,Wednesday,,1,PHARMACY RX,
5,34633,Wednesday,,1,PHARMACY RX,
999,34770,Wednesday,,-1,,
5,34793,Wednesday,,1,PHARMACY RX,
5,34863,Wednesday,,1,PHARMACY RX,
27,34894,Wednesday,,1,,
8,34912,Wednesday,,1,PHARMACY RX,
5,34946,Wednesday,,1,PHARMACY RX,
5,35014,Wednesday,,1,PHARMACY RX,
5,35044,Wednesday,,1,PHARMACY RX,
5,35237,Wednesday,,1,PHARMACY RX,
5,35317,Wednesday,,1,PHARMACY RX,
5,35328,Wednesday,,1,PHARMACY RX,
36,35343,Wednesday,,1,PHARMACY RX,
36,35343,Wednesday,,1,PHARMACY RX,
7,35345,Wednesday,,1,,
25,35397,Wednesday,,1,,
5,35543,Wednesday,,1,PHARMACY RX,
5,35543,Wednesday,,1,PHARMACY RX,
5,35543,Wednesday,,1,PHARMACY RX,
5,35556,Wednesday,,1,PHARMACY RX,
5,35654,Wednesday,,1,PHARMACY RX,
40,35671,Wednesday,,1,,
5,35732,Wednesday,,1,PHARMACY RX,
37,35837,Wednesday,,1,,
5,35850,Wednesday,,1,PHARMACY RX,
5,35939,Wednesday,,1,PHARMACY RX,
39,35989,Wednesday,,1,,
40,36027,Wednesday,,1,,
999,36122,Wednesday,,-1,PHARMACY RX,
999,36122,Wednesday,,1,PHARMACY RX,
999,36122,Wednesday,,1,PHARMACY RX,
999,36122,Wednesday,,-1,PHARMACY RX,
5,36127,Wednesday,,1,PHARMACY RX,
39,36424,Wednesday,,2,,
5,36442,Wednesday,,1,PHARMACY RX,
5,36442,Wednesday,,1,PHARMACY RX,
39,36480,Wednesday,,1,,
999,36524,Wednesday,,-1,,
24,37070,Wednesday,,1,,
25,37127,Wednesday,,1,,
42,37221,Wednesday,,1,,
43,37289,Wednesday,,1,,
8,37322,Wednesday,,1,,
5,37799,Thursday,,1,PHARMACY RX,
5,37799,Thursday,,1,PHARMACY RX,
5,37799,Thursday,,1,PHARMACY RX,
5,37799,Thursday,,1,PHARMACY RX,
5,37804,Thursday,,1,PHARMACY RX,
5,37943,Thursday,,1,PHARMACY RX,
5,37943,Thursday,,1,PHARMACY RX,
5,37943,Thursday,,1,PHARMACY RX,
5,37943,Thursday,,1,PHARMACY RX,
5,37943,Thursday,,1,PHARMACY RX,
5,38042,Thursday,,1,PHARMACY RX,
5,38124,Thursday,,1,PHARMACY RX,
40,38270,Thursday,,1,,
9,38366,Thursday,,1,,
5,38478,Thursday,,1,PHARMACY RX,
5,38478,Thursday,,1,PHARMACY RX,
5,38555,Thursday,,1,PHARMACY RX,
5,38555,Thursday,,1,PHARMACY RX,
5,38734,Thursday,,2,PHARMACY RX,
5,38734,Thursday,,-1,PHARMACY RX,
5,38734,Thursday,,2,PHARMACY RX,
5,38734,Thursday,,-1,PHARMACY RX,
5,38734,Thursday,,-1,PHARMACY RX,
5,38734,Thursday,,-1,PHARMACY RX,
5,38734,Thursday,,2,PHARMACY RX,
5,38734,Thursday,,2,PHARMACY RX,
5,38751,Thursday,,1,PHARMACY RX,
5,38751,Thursday,,1,PHARMACY RX,
5,38751,Thursday,,1,PHARMACY RX,
5,38751,Thursday,,1,PHARMACY RX,
5,38751,Thursday,,1,PHARMACY RX,
36,38791,Thursday,,1,,
5,38873,Thursday,,1,PHARMACY RX,
39,39005,Thursday,,1,PHARMACY RX,
5,39063,Thursday,,1,PHARMACY RX,
5,39063,Thursday,,1,PHARMACY RX,
5,39215,Thursday,,1,PHARMACY RX,
26,39544,Thursday,,1,,
5,39632,Thursday,,1,PHARMACY RX,
999,39737,Thursday,,1,PHARMACY RX,
999,39737,Thursday,,-1,PHARMACY RX,
5,39805,Thursday,,1,PHARMACY RX,
5,39937,Thursday,,1,PHARMACY RX,
5,40108,Thursday,,1,PHARMACY RX,
5,40108,Thursday,,1,PHARMACY RX,
5,40108,Thursday,,1,PHARMACY RX,
5,40127,Thursday,,1,PHARMACY RX,
5,40151,Thursday,,1,PHARMACY RX,
5,40151,Thursday,,1,PHARMACY RX,
5,40170,Thursday,,1,PHARMACY RX,
5,40383,Thursday,,1,PHARMACY RX,
5,40383,Thursday,,1,PHARMACY RX,
5,40383,Thursday,,1,PHARMACY RX,
5,40383,Thursday,,1,PHARMACY RX,
25,40481,Thursday,,1,,
7,40510,Thursday,,1,,
5,40703,Thursday,,1,PHARMACY RX,
24,40734,Thursday,,1,,
5,40860,Thursday,,1,PHARMACY RX,
5,40949,Thursday,,1,PHARMACY RX,
5,41274,Thursday,,1,PHARMACY RX,
5,41400,Thursday,,1,PHARMACY RX,
5,41400,Thursday,,1,PHARMACY RX,
5,41400,Thursday,,1,PHARMACY RX,
37,41468,Thursday,,1,,
5,41497,Thursday,,1,PHARMACY RX,
5,41497,Thursday,,1,PHARMACY RX,
5,41497,Thursday,,1,PHARMACY RX,
5,41497,Thursday,,1,PHARMACY RX,
5,41497,Thursday,,1,PHARMACY RX,
5,41497,Thursday,,1,PHARMACY RX,
5,41497,Thursday,,1,PHARMACY RX,
5,41497,Thursday,,1,PHARMACY RX,
5,41629,Thursday,,1,PHARMACY RX,
5,41629,Thursday,,1,PHARMACY RX,
5,41629,Thursday,,1,PHARMACY RX,
5,41790,Thursday,,1,PHARMACY RX,
5,41790,Thursday,,1,PHARMACY RX,
27,41811,Thursday,,1,,
5,41865,Thursday,,1,PHARMACY RX,
36,42124,Thursday,,1,PHARMACY RX,
36,42124,Thursday,,1,PHARMACY RX,
44,42707,Thursday,,1,,
44,42707,Thursday,,1,,
33,42829,Thursday,,1,,
44,42876,Thursday,,1,,
44,42876,Thursday,,-1,,
44,42876,Thursday,,1,,
44,42876,Thursday,,1,,
43,43019,Thursday,,1,,
25,43457,Friday,,1,,
28,43676,Friday,,1,,
5,43906,Friday,,1,PHARMACY RX,
5,44173,Friday,,1,PHARMACY RX,
39,44191,Friday,,1,,
5,44278,Friday,,1,PHARMACY RX,
5,44460,Friday,,1,PHARMACY RX,
5,44486,Friday,,1,PHARMACY RX,
5,44486,Friday,,1,PHARMACY RX,
5,44486,Friday,,1,PHARMACY RX,
5,44486,Friday,,1,PHARMACY RX,
5,44486,Friday,,1,PHARMACY RX,
999,44514,Friday,,1,,
5,44543,Friday,,1,PHARMACY RX,
40,44553,Friday,,1,,
5,44554,Friday,,1,PHARMACY RX,
5,44554,Friday,,1,PHARMACY RX,
9,44564,Friday,,1,,
5,44582,Friday,,1,PHARMACY RX,
18,44650,Friday,,1,,
18,44650,Friday,,1,,
5,44684,Friday,,1,PHARMACY RX,
5,44684,Friday,,1,PHARMACY RX,
5,44762,Friday,,1,PHARMACY RX,
5,44762,Friday,,1,PHARMACY RX,
44,44890,Friday,,1,,
999,44916,Friday,,-1,,
5,44946,Friday,,1,PHARMACY RX,
999,44997,Friday,,-1,,
33,45167,Friday,,1,,
5,45273,Friday,,1,PHARMACY RX,
5,45273,Friday,,1,PHARMACY RX,
5,45273,Friday,,1,PHARMACY RX,
5,45273,Friday,,1,PHARMACY RX,
5,45288,Friday,,1,PHARMACY RX,
5,45288,Friday,,1,PHARMACY RX,
5,45336,Friday,,1,PHARMACY RX,
32,45386,Friday,,1,,
5,45409,Friday,,1,PHARMACY RX,
5,45409,Friday,,1,PHARMACY RX,
37,45502,Friday,,1,,
9,45510,Friday,,5,,
9,45606,Friday,,1,,
5,45634,Friday,,1,PHARMACY RX,
5,45634,Friday,,1,PHARMACY RX,
5,45756,Friday,,1,PHARMACY RX,
5,45756,Friday,,1,PHARMACY RX,
5,45851,Friday,,1,PHARMACY RX,
40,45948,Friday,,1,,
5,45978,Friday,,1,PHARMACY RX,
5,45978,Friday,,1,PHARMACY RX,
5,46043,Friday,,1,PHARMACY RX,
5,46043,Friday,,1,PHARMACY RX,
5,46058,Friday,,1,PHARMACY RX,
5,46171,Friday,,1,PHARMACY RX,
5,46182,Friday,,1,PHARMACY RX,
5,46207,Friday,,1,PHARMACY RX,
15,46381,Friday,,2,,
15,46381,Friday,,-1,,
15,46381,Friday,,2,,
41,46456,Friday,,1,,
5,46489,Friday,,1,PHARMACY RX,
5,46507,Friday,,1,PHARMACY RX,
5,46525,Friday,,1,PHARMACY RX,
5,46525,Friday,,1,PHARMACY RX,
5,46525,Friday,,1,PHARMACY RX,
8,46578,Friday,,1,,
40,46612,Friday,,1,,
5,46737,Friday,,1,PHARMACY RX,
5,46737,Friday,,1,PHARMACY RX,
5,46737,Friday,,1,PHARMACY RX,
5,46792,Friday,,1,PHARMACY RX,
5,46792,Friday,,1,PHARMACY RX,
5,46792,Friday,,1,PHARMACY RX,
5,46792,Friday,,1,PHARMACY RX,
5,46838,Friday,,1,PHARMACY RX,
5,46892,Friday,,1,PHARMACY RX,
5,46892,Friday,,1,PHARMACY RX,
5,46892,Friday,,1,PHARMACY RX,
5,46944,Friday,,1,PHARMACY RX,
5,47004,Friday,,1,PHARMACY RX,
9,47201,Friday,,1,,
5,47243,Friday,,1,PHARMACY RX,
5,47243,Friday,,1,PHARMACY RX,
5,47258,Friday,,1,PHARMACY RX,
5,47258,Friday,,1,PHARMACY RX,
5,47258,Friday,,1,PHARMACY RX,
5,47332,Friday,,1,PHARMACY RX,
5,47392,Friday,,1,PHARMACY RX,
5,47539,Friday,,1,PHARMACY RX,
39,47656,Friday,,1,,
5,47693,Friday,,1,PHARMACY RX,
999,47947,Friday,,-1,PHARMACY RX,
999,47947,Friday,,1,PHARMACY RX,
5,47955,Friday,,1,PHARMACY RX,
999,48048,Friday,,-1,,
15,48057,Friday,,1,,
5,48070,Friday,,1,PHARMACY RX,
39,48214,Friday,,1,,
39,48248,Friday,,1,,
999,48282,Friday,,-1,,
40,48754,Friday,,1,,
9,48759,Friday,,1,,
37,48799,Friday,,1,,
24,48882,Friday,,1,,
25,48891,Friday,,1,,
44,49015,Friday,,1,,
34,49082,Saturday,,1,,
39,49268,Saturday,,1,,
43,49352,Saturday,,1,,
40,49354,Saturday,,1,,
5,49538,Saturday,,1,PHARMACY RX,
5,49538,Saturday,,1,PHARMACY RX,
5,49538,Saturday,,1,PHARMACY RX,
5,49548,Saturday,,1,PHARMACY RX,
40,49887,Saturday,,1,,
5,49919,Saturday,,1,PHARMACY RX,
5,50124,Saturday,,1,PHARMACY RX,
999,50166,Saturday,,-1,,
40,50200,Saturday,,1,,
5,50271,Saturday,,1,PHARMACY RX,
5,50271,Saturday,,1,PHARMACY RX,
5,50271,Saturday,,1,PHARMACY RX,
5,50271,Saturday,,1,PHARMACY RX,
8,50322,Saturday,,1,,
5,50473,Saturday,,1,PHARMACY RX,
5,50531,Saturday,,1,PHARMACY RX,
999,50709,Saturday,,1,PHARMACY RX,
999,50709,Saturday,,1,PHARMACY RX,
999,50709,Saturday,,-1,PHARMACY RX,
999,50709,Saturday,,-1,PHARMACY RX,
5,50714,Saturday,,1,PHARMACY RX,
36,50745,Saturday,,1,PHARMACY RX,
36,50745,Saturday,,1,PHARMACY RX,
36,50745,Saturday,,1,,
5,50827,Saturday,,1,PHARMACY RX,
5,50827,Saturday,,1,PHARMACY RX,
5,50827,Saturday,,1,PHARMACY RX,
5,50846,Saturday,,1,PHARMACY RX,
5,50883,Saturday,,1,PHARMACY RX,
5,50916,Saturday,,1,PHARMACY RX,
999,51002,Saturday,,1,,
5,51105,Saturday,,1,PHARMACY RX,
40,51292,Saturday,,1,,
999,51298,Saturday,,-1,,
40,51342,Saturday,,1,,
39,51350,Saturday,,1,,
42,51361,Saturday,,1,,
40,51391,Saturday,,1,,
5,51655,Saturday,,1,PHARMACY RX,
5,51655,Saturday,,1,PHARMACY RX,
37,51703,Saturday,,1,,
5,51848,Saturday,,1,PHARMACY RX,
5,51997,Saturday,,1,PHARMACY RX,
999,52069,Saturday,,-1,,
999,52069,Saturday,,-1,,
5,52274,Saturday,,1,PHARMACY RX,
5,52324,Saturday,,1,PHARMACY RX,
5,52324,Saturday,,1,PHARMACY RX,
5,52324,Saturday,,1,PHARMACY RX,
9,52398,Saturday,,1,,
5,52567,Saturday,,1,PHARMACY RX,
5,52567,Saturday,,1,PHARMACY RX,
5,52567,Saturday,,1,PHARMACY RX,
5,52567,Saturday,,1,PHARMACY RX,
5,52567,Saturday,,1,PHARMACY RX,
5,52567,Saturday,,1,PHARMACY RX,
5,52567,Saturday,,1,PHARMACY RX,
5,52567,Saturday,,1,PHARMACY RX,
5,52567,Saturday,,1,PHARMACY RX,
5,52567,Saturday,,1,PHARMACY RX,
5,52567,Saturday,,1,PHARMACY RX,
5,52567,Saturday,,1,PHARMACY RX,
5,52624,Saturday,,1,PHARMACY RX,
5,52699,Saturday,,1,PHARMACY RX,
5,52764,Saturday,,1,PHARMACY RX,
40,52857,Saturday,,1,,
5,52876,Saturday,,1,PHARMACY RX,
41,52950,Saturday,,1,,
999,52971,Saturday,,-1,,
37,53345,Saturday,,1,,
999,53528,Saturday,,-1,,
5,53550,Saturday,,1,PHARMACY RX,
5,53550,Saturday,,1,PHARMACY RX,
36,53552,Saturday,,1,,
3,53643,Saturday,,1,,
39,53712,Saturday,,1,,
30,53720,Saturday,,1,,
39,53974,Saturday,,1,,
40,54074,Saturday,,1,PHARMACY RX,
40,54074,Saturday,,1,PHARMACY RX,
5,54076,Saturday,,1,PHARMACY RX,
5,54096,Saturday,,1,PHARMACY RX,
39,54133,Saturday,,2,,
999,54138,Saturday,,-1,PHARMACY RX,
5,54201,Saturday,,1,PHARMACY RX,
5,54201,Saturday,,1,PHARMACY RX,
5,54216,Saturday,,1,PHARMACY RX,
7,54326,Saturday,,1,,
25,54340,Saturday,,1,,
20,54691,Saturday,,1,,
42,54742,Saturday,,1,,
37,54811,Saturday,,1,,
37,54812,Saturday,,1,,
25,54836,Saturday,,1,,
9,54888,Saturday,,1,,
25,54984,Saturday,,1,,
37,55208,Saturday,,1,,
24,55270,Saturday,,2,,
37,55418,Saturday,,1,,
25,55484,Saturday,,1,,
15,55743,Saturday,,1,,
40,55904,Saturday,,1,,
5,56000,Saturday,,1,,
42,56294,Sunday,,1,,
9,56384,Sunday,,1,,
999,56392,Sunday,,1,,
999,56392,Sunday,,1,,
36,56489,Sunday,,1,,
15,56496,Sunday,,1,,
999,56659,Sunday,,1,,
9,56713,Sunday,,1,,
15,56750,Sunday,,1,,
5,56951,Sunday,,1,PHARMACY RX,
5,56985,Sunday,,1,PHARMACY RX,
9,56995,Sunday,,2,,
36,57069,Sunday,,1,,
5,57105,Sunday,,1,PHARMACY RX,
40,57237,Sunday,,1,,
5,57302,Sunday,,1,PHARMACY RX,
5,57377,Sunday,,1,PHARMACY RX,
5,57377,Sunday,,1,PHARMACY RX,
5,57377,Sunday,,1,PHARMACY RX,
33,57382,Sunday,,1,,
5,57448,Sunday,,1,PHARMACY RX,
5,57448,Sunday,,1,PHARMACY RX,
5,57448,Sunday,,1,PHARMACY RX,
5,57448,Sunday,,1,PHARMACY RX,
5,57448,Sunday,,1,PHARMACY RX,
5,57448,Sunday,,1,PHARMACY RX,
24,57474,Sunday,,1,,
5,57480,Sunday,,1,PHARMACY RX,
5,57767,Sunday,,1,PHARMACY RX,
5,57807,Sunday,,1,PHARMACY RX,
36,57940,Sunday,,1,,
5,58005,Sunday,,1,PHARMACY RX,
5,58005,Sunday,,1,PHARMACY RX,
5,58165,Sunday,,1,PHARMACY RX,
5,58253,Sunday,,1,PHARMACY RX,
5,58710,Sunday,,1,PHARMACY RX,
39,58744,Sunday,,1,,
25,58775,Sunday,,1,,
25,58775,Sunday,,2,,
44,58851,Sunday,,1,,
39,58978,Sunday,,1,,
5,59037,Sunday,,1,PHARMACY RX,
5,59163,Sunday,,1,PHARMACY RX,
5,59163,Sunday,,1,PHARMACY RX,
5,59208,Sunday,,1,PHARMACY RX,
42,59315,Sunday,,1,,
39,59341,Sunday,,1,,
40,59349,Sunday,,1,,
32,59359,Sunday,,1,,
43,59418,Sunday,,1,,
5,59452,Sunday,,1,PHARMACY RX,
5,59470,Sunday,,1,PHARMACY RX,
25,59484,Sunday,,1,,
8,59522,Sunday,,1,,
5,59570,Sunday,,1,PHARMACY RX,
999,59636,Sunday,,1,,
999,59636,Sunday,,1,,
5,59650,Sunday,,1,PHARMACY RX,
40,59901,Sunday,,1,,
40,59940,Sunday,,1,,
40,59964,Sunday,,1,,
40,59964,Sunday,,1,,
40,59964,Sunday,,-1,,
40,59964,Sunday,,-1,,
40,59964,Sunday,,1,,
39,60294,Sunday,,1,,
5,60358,Sunday,,1,PHARMACY RX,
5,60377,Sunday,,1,PHARMACY RX,
5,60377,Sunday,,1,PHARMACY RX,
5,60377,Sunday,,1,PHARMACY RX,
5,60377,Sunday,,1,PHARMACY RX,
5,60377,Sunday,,1,PHARMACY RX,
5,60377,Sunday,,1,PHARMACY RX,
42,60413,Sunday,,1,,
25,60565,Sunday,,1,,
36,60591,Sunday,,1,,
5,60747,Sunday,,1,PHARMACY RX,
5,60747,Sunday,,1,PHARMACY RX,
5,60747,Sunday,,1,PHARMACY RX,
999,60958,Sunday,,1,,
42,61236,Sunday,,2,,
42,61236,Sunday,,2,,
21,61561,Sunday,,1,,
9,61733,Sunday,,1,,
999,61766,Sunday,,1,,
999,61766,Sunday,,1,,
39,61791,Sunday,,1,,
9,62005,Sunday,,1,,
999,62057,Sunday,,-1,,
999,62071,Sunday,,1,,
42,62114,Sunday,,1,,
42,62114,Sunday,,2,,
39,62197,Sunday,,1,,
38,62217,Sunday,,1,,
42,62407,Sunday,,1,,
25,62494,Sunday,,1,,
999,62742,Sunday,,1,,
999,62742,Sunday,,1,,
38,62921,Sunday,,1,,
8,63371,Monday,,1,,
5,63713,Monday,,1,PHARMACY RX,
5,63713,Monday,,1,PHARMACY RX,
5,63798,Monday,,1,PHARMACY RX,
28,63847,Monday,,1,,
38,63852,Monday,,1,,
5,63855,Monday,,1,PHARMACY RX,
5,63855,Monday,,1,PHARMACY RX,
38,64020,Monday,,2,,
7,64021,Monday,,1,,
7,64021,Monday,,1,,
5,64085,Monday,,1,PHARMACY RX,
40,64118,Monday,,4,,
5,64254,Monday,,1,PHARMACY RX,
5,64254,Monday,,1,PHARMACY RX,
5,64254,Monday,,1,PHARMACY RX,
5,64254,Monday,,1,PHARMACY RX,
5,64395,Monday,,1,PHARMACY RX,
5,64413,Monday,,1,PHARMACY RX,
5,64413,Monday,,1,PHARMACY RX,
5,64430,Monday,,1,PHARMACY RX,
5,64430,Monday,,1,PHARMACY RX,
38,64468,Monday,,1,,
5,64483,Monday,,1,PHARMACY RX,
40,64539,Monday,,1,,
5,64549,Monday,,1,PHARMACY RX,
5,64549,Monday,,1,PHARMACY RX,
5,64748,Monday,,1,PHARMACY RX,
5,64820,Monday,,1,PHARMACY RX,
5,64987,Monday,,1,PHARMACY RX,
5,64987,Monday,,1,PHARMACY RX,
5,65012,Monday,,1,PHARMACY RX,
40,65030,Monday,,-1,,
40,65030,Monday,,1,,
43,65144,Monday,,1,,
20,65167,Monday,,1,,
24,65170,Monday,,1,,
999,65608,Monday,,-1,,
37,65610,Monday,,1,,
40,65792,Monday,,1,,
40,65792,Monday,,2,,
5,65872,Monday,,1,PHARMACY RX,
5,65965,Monday,,1,PHARMACY RX,
5,65965,Monday,,1,PHARMACY RX,
5,66017,Monday,,1,PHARMACY RX,
5,66017,Monday,,1,PHARMACY RX,
5,66047,Monday,,1,PHARMACY RX,
39,66070,Monday,,1,,
5,66081,Monday,,1,PHARMACY RX,
38,66120,Monday,,1,,
5,66211,Monday,,1,PHARMACY RX,
5,66317,Monday,,1,PHARMACY RX,
5,66317,Monday,,1,PHARMACY RX,
5,66317,Monday,,1,PHARMACY RX,
5,66317,Monday,,1,PHARMACY RX,
5,66348,Monday,,1,PHARMACY RX,
39,66357,Monday,,1,,
5,66370,Monday,,1,PHARMACY RX,
5,66370,Monday,,1,PHARMACY RX,
36,66377,Monday,,1,,
40,66483,Monday,,1,,
5,66497,Monday,,1,PHARMACY RX,
5,66553,Monday,,1,PHARMACY RX,
5,66565,Monday,,1,PHARMACY RX,
37,66586,Monday,,1,,
5,66590,Monday,,1,PHARMACY RX,
5,66590,Monday,,1,PHARMACY RX,
36,66667,Monday,,1,,
5,66797,Monday,,1,PHARMACY RX,
5,66797,Monday,,1,PHARMACY RX,
5,66822,Monday,,1,PHARMACY RX,
5,66822,Monday,,1,PHARMACY RX,
9,66880,Monday,,1,,
5,66900,Monday,,1,PHARMACY RX,
5,67065,Monday,,1,PHARMACY RX,
5,67065,Monday,,1,PHARMACY RX,
5,67065,Monday,,1,PHARMACY RX,
5,67065,Monday,,1,PHARMACY RX,
5,67119,Monday,,1,PHARMACY RX,
5,67119,Monday,,1,PHARMACY RX,
5,67119,Monday,,1,PHARMACY RX,
5,67119,Monday,,1,PHARMACY RX,
39,67146,Monday,,1,,
37,67150,Monday,,1,,
5,67153,Monday,,1,PHARMACY RX,
5,67386,Monday,,1,PHARMACY RX,
5,67410,Monday,,1,PHARMACY RX,
5,67490,Monday,,1,PHARMACY RX,
5,67490,Monday,,1,PHARMACY RX,
5,67539,Monday,,1,PHARMACY RX,
5,67623,Monday,,1,PHARMACY RX,
5,67623,Monday,,1,PHARMACY RX,
24,67655,Monday,,1,,
5,67737,Monday,,1,PHARMACY RX,
5,67737,Monday,,1,PHARMACY RX,
5,67887,Monday,,1,PHARMACY RX,
5,67887,Monday,,1,PHARMACY RX,
5,68178,Monday,,1,PHARMACY RX,
5,68227,Monday,,1,PHARMACY RX,
5,68227,Monday,,1,PHARMACY RX,
5,68253,Monday,,1,PHARMACY RX,
5,68253,Monday,,1,PHARMACY RX,
999,68287,Monday,,-1,,
999,68290,Monday,,1,PHARMACY RX,
40,68327,Monday,,1,,
999,68328,Monday,,1,,
5,68363,Monday,,1,PHARMACY RX,
5,68420,Monday,,1,PHARMACY RX,
5,68503,Monday,,1,PHARMACY RX,
5,68503,Monday,,1,PHARMACY RX,
26,68552,Monday,,1,,
39,68602,Monday,,1,,
37,68629,Monday,,1,,
39,68672,Monday,,1,,
37,68942,Monday,,1,,
37,69306,Monday,,1,,
8,69592,Tuesday,,1,,
38,69812,Tuesday,,-1,,
38,69812,Tuesday,,1,,
5,69834,Tuesday,,1,PHARMACY RX,
5,69834,Tuesday,,1,PHARMACY RX,
5,70020,Tuesday,,1,PHARMACY RX,
9,70074,Tuesday,,2,,
5,70084,Tuesday,,1,PHARMACY RX,
5,70084,Tuesday,,1,PHARMACY RX,
5,70084,Tuesday,,1,PHARMACY RX,
5,70084,Tuesday,,1,PHARMACY RX,
5,70084,Tuesday,,1,PHARMACY RX,
5,70112,Tuesday,,1,PHARMACY RX,
25,70121,Tuesday,,1,,
5,70170,Tuesday,,1,PHARMACY RX,
5,70200,Tuesday,,1,PHARMACY RX,
5,70200,Tuesday,,1,PHARMACY RX,
42,70227,Tuesday,,1,,
8,70296,Tuesday,,1,,
5,70328,Tuesday,,1,PHARMACY RX,
5,70328,Tuesday,,1,PHARMACY RX,
5,70338,Tuesday,,1,PHARMACY RX,
5,70480,Tuesday,,1,PHARMACY RX,
5,70480,Tuesday,,1,PHARMACY RX,
5,70556,Tuesday,,1,PHARMACY RX,
999,70594,Tuesday,,1,,
5,70641,Tuesday,,1,PHARMACY RX,
5,70641,Tuesday,,1,PHARMACY RX,
5,70675,Tuesday,,1,PHARMACY RX,
5,70675,Tuesday,,1,PHARMACY RX,
5,70675,Tuesday,,1,PHARMACY RX,
5,70675,Tuesday,,1,PHARMACY RX,
7,70824,Tuesday,,1,PHARMACY RX,
5,70860,Tuesday,,1,PHARMACY RX,
5,70860,Tuesday,,1,PHARMACY RX,
5,70860,Tuesday,,1,PHARMACY RX,
5,70915,Tuesday,,1,PHARMACY RX,
5,71001,Tuesday,,1,PHARMACY RX,
5,71001,Tuesday,,1,PHARMACY RX,
5,71056,Tuesday,,1,PHARMACY RX,
5,71056,Tuesday,,1,PHARMACY RX,
5,71056,Tuesday,,1,PHARMACY RX,
5,71056,Tuesday,,1,PHARMACY RX,
40,71072,Tuesday,,2,,
40,71072,Tuesday,,1,,
7,71161,Tuesday,,1,,
40,71208,Tuesday,,1,,
9,71244,Tuesday,,1,,
5,71410,Tuesday,,1,PHARMACY RX,
5,71430,Tuesday,,1,PHARMACY RX,
5,71470,Tuesday,,1,PHARMACY RX,
5,71470,Tuesday,,1,PHARMACY RX,
5,71470,Tuesday,,1,PHARMACY RX,
5,71579,Tuesday,,1,PHARMACY RX,
5,71667,Tuesday,,1,PHARMACY RX,
20,71827,Tuesday,,1,,
35,71893,Tuesday,,1,,
22,72008,Tuesday,,1,,
40,72025,Tuesday,,1,,
5,72107,Tuesday,,1,PHARMACY RX,
5,72107,Tuesday,,1,PHARMACY RX,
5,72107,Tuesday,,1,PHARMACY RX,
999,72118,Tuesday,,1,,
5,72143,Tuesday,,1,PHARMACY RX,
5,72153,Tuesday,,1,PHARMACY RX,
5,72311,Tuesday,,1,PHARMACY RX,
5,72311,Tuesday,,1,PHARMACY RX,
37,72340,Tuesday,,1,,
5,72350,Tuesday,,1,PHARMACY RX,
43,72351,Tuesday,,1,,
7,72471,Tuesday,,1,,
5,72481,Tuesday,,1,PHARMACY RX,
40,72547,Tuesday,,1,,
5,72630,Tuesday,,1,PHARMACY RX,
40,72673,Tuesday,,1,,
5,72723,Tuesday,,1,PHARMACY RX,
36,72744,Tuesday,,1,,
5,72772,Tuesday,,1,PHARMACY RX,
40,72785,Tuesday,,1,,
5,72789,Tuesday,,1,PHARMACY RX,
5,72789,Tuesday,,1,PHARMACY RX,
5,72789,Tuesday,,1,PHARMACY RX,
5,72789,Tuesday,,1,PHARMACY RX,
25,72812,Tuesday,,1,,
36,72869,Tuesday,,1,PHARMACY RX,
5,72875,Tuesday,,1,PHARMACY RX,
5,73153,Tuesday,,1,PHARMACY RX,
5,73153,Tuesday,,1,PHARMACY RX,
5,73153,Tuesday,,1,PHARMACY RX,
5,73153,Tuesday,,1,PHARMACY RX,
5,73153,Tuesday,,1,PHARMACY RX,
8,73177,Tuesday,,1,,
999,73287,Tuesday,,1,PHARMACY RX,
999,73287,Tuesday,,-1,PHARMACY RX,
5,73482,Tuesday,,1,PHARMACY RX,
5,73482,Tuesday,,1,PHARMACY RX,
999,73518,Tuesday,,-1,PHARMACY RX,
999,73518,Tuesday,,1,PHARMACY RX,
5,73535,Tuesday,,1,PHARMACY RX,
5,73549,Tuesday,,1,PHARMACY RX,
5,73567,Tuesday,,1,PHARMACY RX,
39,73571,Tuesday,,1,,
5,73756,Tuesday,,1,PHARMACY RX,
39,73784,Tuesday,,1,,
5,73833,Tuesday,,1,PHARMACY RX,
5,73833,Tuesday,,1,PHARMACY RX,
5,73838,Tuesday,,1,PHARMACY RX,
5,73865,Tuesday,,1,PHARMACY RX,
40,73908,Tuesday,,1,,
5,74003,Tuesday,,1,PHARMACY RX,
5,74003,Tuesday,,1,PHARMACY RX,
5,74003,Tuesday,,1,PHARMACY RX,
5,74003,Tuesday,,1,PHARMACY RX,
5,74003,Tuesday,,1,PHARMACY RX,
5,74003,Tuesday,,1,PHARMACY RX,
5,74003,Tuesday,,1,PHARMACY RX,
5,74003,Tuesday,,1,PHARMACY RX,
5,74003,Tuesday,,1,PHARMACY RX,
5,74003,Tuesday,,1,PHARMACY RX,
5,74003,Tuesday,,1,PHARMACY RX,
5,74003,Tuesday,,1,PHARMACY RX,
5,74003,Tuesday,,1,PHARMACY RX,
5,74039,Tuesday,,1,PHARMACY RX,
24,74046,Tuesday,,1,,
24,74066,Tuesday,,1,,
39,74158,Tuesday,,1,,
39,74347,Tuesday,,1,PHARMACY RX,
39,74347,Tuesday,,1,PHARMACY RX,
39,74347,Tuesday,,1,PHARMACY RX,
43,74470,Tuesday,,1,,
37,74648,Tuesday,,1,,
5,74836,Tuesday,,1,,
24,75086,Tuesday,,1,,
44,75183,Tuesday,,1,,
24,75660,Wednesday,,1,,
24,75661,Wednesday,,1,,
24,75661,Wednesday,,-1,,
41,75781,Wednesday,,1,,
5,75956,Wednesday,,1,PHARMACY RX,
5,76059,Wednesday,,1,PHARMACY RX,
5,76096,Wednesday,,1,PHARMACY RX,
5,76096,Wednesday,,1,PHARMACY RX,
5,76096,Wednesday,,1,PHARMACY RX,
5,76210,Wednesday,,1,PHARMACY RX,
5,76210,Wednesday,,1,PHARMACY RX,
5,76248,Wednesday,,1,PHARMACY RX,
5,76248,Wednesday,,1,PHARMACY RX,
5,76301,Wednesday,,1,PHARMACY RX,
5,76381,Wednesday,,1,PHARMACY RX,
5,76514,Wednesday,,1,PHARMACY RX,
9,76626,Wednesday,,1,,
5,76634,Wednesday,,1,PHARMACY RX,
5,76823,Wednesday,,1,PHARMACY RX,
5,76902,Wednesday,,1,PHARMACY RX,
5,76902,Wednesday,,1,PHARMACY RX,
5,76902,Wednesday,,1,PHARMACY RX,
5,76902,Wednesday,,1,PHARMACY RX,
5,76902,Wednesday,,1,PHARMACY RX,
999,76906,Wednesday,,-1,,
5,77005,Wednesday,,1,PHARMACY RX,
5,77005,Wednesday,,1,PHARMACY RX,
5,77005,Wednesday,,1,PHARMACY RX,
38,77055,Wednesday,,1,,
5,77333,Wednesday,,1,PHARMACY RX,
5,77333,Wednesday,,1,PHARMACY RX,
5,77333,Wednesday,,1,PHARMACY RX,
5,77333,Wednesday,,1,PHARMACY RX,
6,77379,Wednesday,,1,,
5,77408,Wednesday,,1,PHARMACY RX,
5,77408,Wednesday,,1,PHARMACY RX,
5,77418,Wednesday,,1,PHARMACY RX,
5,77478,Wednesday,,1,PHARMACY RX,
5,77478,Wednesday,,1,PHARMACY RX,
5,77500,Wednesday,,1,PHARMACY RX,
5,77500,Wednesday,,1,PHARMACY RX,
5,77510,Wednesday,,1,PHARMACY RX,
5,77510,Wednesday,,1,PHARMACY RX,
5,77626,Wednesday,,1,PHARMACY RX,
44,77688,Wednesday,,1,,
5,77713,Wednesday,,1,PHARMACY RX,
5,77749,Wednesday,,1,PHARMACY RX,
5,77785,Wednesday,,1,PHARMACY RX,
5,77851,Wednesday,,1,PHARMACY RX,
5,77956,Wednesday,,1,PHARMACY RX,
5,77956,Wednesday,,1,PHARMACY RX,
5,77956,Wednesday,,1,PHARMACY RX,
5,77956,Wednesday,,1,PHARMACY RX,
7,78035,Wednesday,,1,,
7,78035,Wednesday,,-1,,
999,78069,Wednesday,,2,,
999,78069,Wednesday,,1,,
5,78128,Wednesday,,1,PHARMACY RX,
5,78128,Wednesday,,1,PHARMACY RX,
5,78192,Wednesday,,1,PHARMACY RX,
5,78192,Wednesday,,1,PHARMACY RX,
5,78192,Wednesday,,1,PHARMACY RX,
5,78197,Wednesday,,1,PHARMACY RX,
5,78246,Wednesday,,1,PHARMACY RX,
39,78310,Wednesday,,1,,
39,78310,Wednesday,,1,,
5,78468,Wednesday,,1,PHARMACY RX,
5,78468,Wednesday,,1,PHARMACY RX,
5,78468,Wednesday,,1,PHARMACY RX,
5,78505,Wednesday,,1,PHARMACY RX,
5,78505,Wednesday,,1,PHARMACY RX,
32,78565,Wednesday,,1,,
29,78650,Wednesday,,1,,
37,78654,Wednesday,,1,,
5,78712,Wednesday,,1,PHARMACY RX,
5,78736,Wednesday,,1,PHARMACY RX,
5,78736,Wednesday,,1,PHARMACY RX,
5,78781,Wednesday,,1,PHARMACY RX,
5,78781,Wednesday,,1,PHARMACY RX,
5,78781,Wednesday,,1,PHARMACY RX,
5,78781,Wednesday,,1,PHARMACY RX,
5,78799,Wednesday,,1,PHARMACY RX,
42,78826,Wednesday,,1,,
7,78934,Wednesday,,1,,
24,79010,Wednesday,,1,,
5,79102,Wednesday,,1,PHARMACY RX,
5,79102,Wednesday,,1,PHARMACY RX,
5,79102,Wednesday,,1,PHARMACY RX,
5,79203,Wednesday,,1,PHARMACY RX,
40,79241,Wednesday,,1,,
5,79252,Wednesday,,1,PHARMACY RX,
5,79314,Wednesday,,1,PHARMACY RX,
38,79416,Wednesday,,-1,,
38,79416,Wednesday,,1,,
5,79437,Wednesday,,1,PHARMACY RX,
5,79437,Wednesday,,1,PHARMACY RX,
5,79437,Wednesday,,1,PHARMACY RX,
8,79616,Wednesday,,1,,
5,79727,Wednesday,,1,PHARMACY RX,
5,79792,Wednesday,,1,PHARMACY RX,
8,79812,Wednesday,,1,,
5,80144,Wednesday,,1,PHARMACY RX,
5,80144,Wednesday,,1,PHARMACY RX,
36,80169,Wednesday,,1,,
43,80188,Wednesday,,1,PHARMACY RX,
5,80205,Wednesday,,1,PHARMACY RX,
5,80205,Wednesday,,1,PHARMACY RX,
5,80205,Wednesday,,1,PHARMACY RX,
5,80205,Wednesday,,1,PHARMACY RX,
38,80271,Wednesday,,1,,
38,80271,Wednesday,,-1,,
38,80271,Wednesday,,1,,
42,80569,Wednesday,,1,,
38,80884,Wednesday,,2,,
39,81097,Wednesday,,1,,
5,81532,Thursday,,1,PHARMACY RX,
5,81532,Thursday,,1,PHARMACY RX,
5,81532,Thursday,,1,PHARMACY RX,
5,81554,Thursday,,1,PHARMACY RX,
999,81692,Thursday,,-1,,
5,81712,Thursday,,1,PHARMACY RX,
5,81712,Thursday,,1,PHARMACY RX,
5,81779,Thursday,,1,PHARMACY RX,
5,81779,Thursday,,1,PHARMACY RX,
5,81800,Thursday,,1,PHARMACY RX,
5,81912,Thursday,,1,PHARMACY RX,
9,82080,Thursday,,1,,
999,82308,Thursday,,-1,PHARMACY RX,
5,82356,Thursday,,1,PHARMACY RX,
5,82426,Thursday,,1,PHARMACY RX,
5,82426,Thursday,,1,PHARMACY RX,
5,82630,Thursday,,1,PHARMACY RX,
5,82630,Thursday,,1,PHARMACY RX,
5,82630,Thursday,,1,PHARMACY RX,
34,82645,Thursday,,1,PHARMACY RX,
5,82666,Thursday,,1,PHARMACY RX,
5,82666,Thursday,,1,PHARMACY RX,
5,82666,Thursday,,1,PHARMACY RX,
5,82666,Thursday,,1,PHARMACY RX,
5,82800,Thursday,,1,PHARMACY RX,
5,82800,Thursday,,1,PHARMACY RX,
5,82950,Thursday,,1,PHARMACY RX,
5,82950,Thursday,,1,PHARMACY RX,
5,82950,Thursday,,1,PHARMACY RX,
5,82950,Thursday,,1,PHARMACY RX,
5,83188,Thursday,,1,PHARMACY RX,
42,83271,Thursday,,1,,
42,83271,Thursday,,1,,
5,83363,Thursday,,1,PHARMACY RX,
5,83363,Thursday,,1,PHARMACY RX,
999,83396,Thursday,,1,,
5,83764,Thursday,,1,PHARMACY RX,
5,83764,Thursday,,1,PHARMACY RX,
5,83827,Thursday,,1,PHARMACY RX,
5,83861,Thursday,,1,PHARMACY RX,
5,83908,Thursday,,1,PHARMACY RX,
40,84184,Thursday,,1,,
7,84205,Thursday,,1,,
40,84288,Thursday,,1,,
999,84368,Thursday,,1,PHARMACY RX,
5,84591,Thursday,,1,PHARMACY RX,
5,84644,Thursday,,1,PHARMACY RX,
5,84749,Thursday,,1,PHARMACY RX,
5,84754,Thursday,,1,PHARMACY RX,
5,84781,Thursday,,1,PHARMACY RX,
5,84781,Thursday,,1,PHARMACY RX,
5,84781,Thursday,,1,PHARMACY RX,
5,84781,Thursday,,1,PHARMACY RX,
5,84781,Thursday,,1,PHARMACY RX,
5,84781,Thursday,,1,PHARMACY RX,
5,84795,Thursday,,1,PHARMACY RX,
5,84795,Thursday,,1,PHARMACY RX,
5,84807,Thursday,,1,PHARMACY RX,
5,84842,Thursday,,1,PHARMACY RX,
5,84842,Thursday,,1,PHARMACY RX,
5,84842,Thursday,,1,PHARMACY RX,
9,85028,Thursday,,1,,
39,85048,Thursday,,1,PHARMACY RX,
5,85147,Thursday,,1,PHARMACY RX,
5,85163,Thursday,,1,PHARMACY RX,
5,85226,Thursday,,1,PHARMACY RX,
5,85234,Thursday,,1,PHARMACY RX,
5,85269,Thursday,,1,PHARMACY RX,
5,85269,Thursday,,1,PHARMACY RX,
5,85289,Thursday,,1,PHARMACY RX,
5,85289,Thursday,,1,PHARMACY RX,
5,85289,Thursday,,1,PHARMACY RX,
5,85289,Thursday,,1,PHARMACY RX,
27,85468,Thursday,,1,PHARMACY RX,
40,85536,Thursday,,1,,
40,85536,Thursday,,1,,
999,85542,Thursday,,1,PHARMACY RX,
5,85550,Thursday,,1,PHARMACY RX,
5,85580,Thursday,,1,PHARMACY RX,
5,85580,Thursday,,1,PHARMACY RX,
5,85580,Thursday,,1,PHARMACY RX,
5,85580,Thursday,,1,PHARMACY RX,
5,85595,Thursday,,1,PHARMACY RX,
5,85684,Thursday,,1,PHARMACY RX,
5,85684,Thursday,,1,PHARMACY RX,
5,85684,Thursday,,1,PHARMACY RX,
5,85914,Thursday,,1,PHARMACY RX,
5,85979,Thursday,,1,PHARMACY RX,
8,86608,Thursday,,1,,
5,87363,Friday,,1,PHARMACY RX,
5,87457,Friday,,1,PHARMACY RX,
5,87457,Friday,,1,PHARMACY RX,
8,87491,Friday,,1,,
5,87670,Friday,,1,PHARMACY RX,
999,87819,Friday,,1,,
5,87834,Friday,,1,PHARMACY RX,
5,87887,Friday,,1,PHARMACY RX,
5,87926,Friday,,1,PHARMACY RX,
5,88284,Friday,,1,PHARMACY RX,
5,88419,Friday,,1,PHARMACY RX,
42,88476,Friday,,1,,
42,88476,Friday,,1,,
5,88628,Friday,,1,PHARMACY RX,
5,88628,Friday,,1,PHARMACY RX,
5,88709,Friday,,1,PHARMACY RX,
5,88745,Friday,,1,PHARMACY RX,
5,88761,Friday,,1,PHARMACY RX,
39,88829,Friday,,1,PHARMACY RX,
4,89134,Friday,,1,PHARMACY RX,
4,89134,Friday,,1,PHARMACY RX,
9,89173,Friday,,1,,
999,89225,Friday,,1,,
5,89316,Friday,,1,PHARMACY RX,
5,89316,Friday,,1,PHARMACY RX,
5,89338,Friday,,1,PHARMACY RX,
5,89338,Friday,,1,PHARMACY RX,
5,89338,Friday,,1,PHARMACY RX,
38,89423,Friday,,1,,
5,89468,Friday,,1,PHARMACY RX,
5,89468,Friday,,1,PHARMACY RX,
5,89517,Friday,,1,PHARMACY RX,
999,89589,Friday,,2,,
5,89683,Friday,,1,PHARMACY RX,
5,89683,Friday,,1,PHARMACY RX,
5,89683,Friday,,1,PHARMACY RX,
5,89683,Friday,,1,PHARMACY RX,
5,89683,Friday,,1,PHARMACY RX,
5,89683,Friday,,1,PHARMACY RX,
5,89729,Friday,,1,PHARMACY RX,
37,89817,Friday,,-1,,
37,89817,Friday,,1,,
5,89914,Friday,,1,PHARMACY RX,
5,89914,Friday,,1,PHARMACY RX,
5,89960,Friday,,1,PHARMACY RX,
5,90147,Friday,,1,PHARMACY RX,
5,90230,Friday,,1,PHARMACY RX,
5,90230,Friday,,1,PHARMACY RX,
5,90230,Friday,,1,PHARMACY RX,
5,90808,Friday,,1,PHARMACY RX,
15,90838,Friday,,1,,
5,90969,Friday,,1,PHARMACY RX,
5,91164,Friday,,1,PHARMACY RX,
5,91245,Friday,,1,PHARMACY RX,
5,91245,Friday,,1,PHARMACY RX,
999,91257,Friday,,-3,,
32,91353,Friday,,1,,
36,91515,Friday,,1,PHARMACY RX,
5,91537,Friday,,1,PHARMACY RX,
999,91660,Friday,,1,,
33,91734,Friday,,1,,
5,91762,Friday,,1,PHARMACY RX,
5,91831,Friday,,1,PHARMACY RX,
999,92131,Friday,,-1,,
19,92376,Friday,,1,,
999,92482,Friday,,1,,
999,93364,Saturday,,-1,,
5,93412,Saturday,,1,PHARMACY RX,
5,93454,Saturday,,1,PHARMACY RX,
5,93528,Saturday,,1,PHARMACY RX,
5,93613,Saturday,,1,PHARMACY RX,
42,93768,Saturday,,1,,
42,93768,Saturday,,1,,
44,93822,Saturday,,1,PHARMACY RX,
5,93848,Saturday,,1,PHARMACY RX,
5,94178,Saturday,,1,PHARMACY RX,
5,94180,Saturday,,1,PHARMACY RX,
5,94189,Saturday,,1,PHARMACY RX,
5,94192,Saturday,,1,PHARMACY RX,
29,94245,Saturday,,1,,
999,94284,Saturday,,1,PHARMACY RX,
5,94344,Saturday,,1,PHARMACY RX,
5,94344,Saturday,,1,PHARMACY RX,
25,94401,Saturday,,1,,
5,94634,Saturday,,1,PHARMACY RX,
5,94670,Saturday,,1,PHARMACY RX,
7,94682,Saturday,,1,,
37,94699,Saturday,,-1,,
37,94699,Saturday,,1,,
5,94716,Saturday,,1,PHARMACY RX,
999,94944,Saturday,,1,,
5,95016,Saturday,,1,PHARMACY RX,
5,95016,Saturday,,1,PHARMACY RX,
25,95141,Saturday,,1,,
25,95141,Saturday,,1,,
999,95327,Saturday,,-1,,
44,95374,Saturday,,1,,
39,95402,Saturday,,1,,
999,95693,Saturday,,-1,,
999,95693,Saturday,,-1,,
25,95721,Saturday,,1,,
5,95867,Saturday,,1,PHARMACY RX,
44,96010,Saturday,,1,,
44,96010,Saturday,,1,,
35,96098,Saturday,,1,,
5,96134,Saturday,,1,PHARMACY RX,
5,96141,Saturday,,1,PHARMACY RX,
43,96159,Saturday,,1,PHARMACY RX,
43,96159,Saturday,,1,PHARMACY RX,
5,96189,Saturday,,1,PHARMACY RX,
5,96189,Saturday,,1,PHARMACY RX,
9,96265,Saturday,,1,,
5,96305,Saturday,,1,PHARMACY RX,
5,96305,Saturday,,1,PHARMACY RX,
5,96326,Saturday,,1,PHARMACY RX,
5,96354,Saturday,,1,PHARMACY RX,
5,96354,Saturday,,1,PHARMACY RX,
999,96394,Saturday,,-1,PHARMACY RX,
999,96394,Saturday,,1,PHARMACY RX,
42,96418,Saturday,,1,,
5,96737,Saturday,,1,PHARMACY RX,
5,96756,Saturday,,1,PHARMACY RX,
5,96756,Saturday,,1,PHARMACY RX,
5,96756,Saturday,,1,PHARMACY RX,
39,96789,Saturday,,1,,
5,96856,Saturday,,1,PHARMACY RX,
5,96856,Saturday,,1,PHARMACY RX,
5,96856,Saturday,,1,PHARMACY RX,
5,96856,Saturday,,1,PHARMACY RX,
5,96856,Saturday,,1,PHARMACY RX,
5,96856,Saturday,,1,PHARMACY RX,
999,96869,Saturday,,-1,,
9,96994,Saturday,,1,,
5,97035,Saturday,,1,PHARMACY RX,
5,97035,Saturday,,1,PHARMACY RX,
5,97035,Saturday,,1,PHARMACY RX,
5,97035,Saturday,,1,PHARMACY RX,
5,97166,Saturday,,1,PHARMACY RX,
5,97264,Saturday,,1,PHARMACY RX,
5,97278,Saturday,,1,PHARMACY RX,
32,97781,Saturday,,1,,
25,97853,Saturday,,1,,
25,97853,Saturday,,1,,
33,97946,Saturday,,1,,
37,98112,Saturday,,1,,
37,98173,Saturday,,1,,
37,98340,Saturday,,1,,
39,98379,Saturday,,1,,
44,98898,Saturday,,1,,
37,98933,Saturday,,-2,,
37,98933,Saturday,,2,,
42,99064,Saturday,,1,,
39,99205,Saturday,,-2,,
39,99205,Saturday,,2,,
5,99208,Saturday,,2,,
40,99276,Saturday,,1,,
24,99317,Saturday,,1,,
8,99363,Saturday,,1,,
24,99482,Saturday,,1,,
38,99554,Saturday,,1,,
999,99970,Sunday,,1,,
999,99970,Sunday,,1,,
15,100072,Sunday,,1,,
15,100072,Sunday,,1,,
8,100078,Sunday,,1,,
5,100347,Sunday,,1,PHARMACY RX,
5,100347,Sunday,,1,PHARMACY RX,
42,100422,Sunday,,1,,
999,100569,Sunday,,-1,,
39,100579,Sunday,,2,,
40,100696,Sunday,,1,,
37,100914,Sunday,,3,,
37,100914,Sunday,,-3,,
5,100999,Sunday,,1,PHARMACY RX,
5,101008,Sunday,,1,PHARMACY RX,
5,101008,Sunday,,1,PHARMACY RX,
5,101008,Sunday,,1,PHARMACY RX,
5,101008,Sunday,,1,PHARMACY RX,
5,101345,Sunday,,1,PHARMACY RX,
5,101407,Sunday,,1,PHARMACY RX,
5,101407,Sunday,,1,PHARMACY RX,
5,101407,Sunday,,1,PHARMACY RX,
25,101582,Sunday,,1,,
25,101582,Sunday,,1,,
24,101639,Sunday,,1,,
5,101698,Sunday,,1,PHARMACY RX,
40,101945,Sunday,,1,,
40,101945,Sunday,,1,,
40,102176,Sunday,,1,,
999,102442,Sunday,,-1,,
999,102442,Sunday,,-1,,
40,102623,Sunday,,1,,
5,102625,Sunday,,1,PHARMACY RX,
8,102657,Sunday,,1,,
40,102829,Sunday,,-1,,
40,102829,Sunday,,1,,
25,102981,Sunday,,1,,
5,103063,Sunday,,1,PHARMACY RX,
5,103063,Sunday,,1,PHARMACY RX,
5,103063,Sunday,,1,PHARMACY RX,
5,103085,Sunday,,1,PHARMACY RX,
999,103089,Sunday,,1,,
5,103206,Sunday,,1,PHARMACY RX,
5,103206,Sunday,,1,PHARMACY RX,
5,103315,Sunday,,1,PHARMACY RX,
5,103315,Sunday,,1,PHARMACY RX,
5,103315,Sunday,,1,PHARMACY RX,
12,103330,Sunday,,1,,
9,103579,Sunday,,1,,
40,103604,Sunday,,1,,
5,103811,Sunday,,1,PHARMACY RX,
5,104067,Sunday,,1,PHARMACY RX,
40,104450,Sunday,,1,,
8,104763,Sunday,,1,,
9,105031,Sunday,,1,,
39,105370,Sunday,,1,,
44,105438,Sunday,,1,,
999,105458,Sunday,,-1,,
39,105930,Sunday,,1,,
30,106170,Sunday,,1,,
25,106626,Sunday,,1,,
40,106730,Sunday,,1,,
36,106830,Monday,,1,,
36,106830,Monday,,2,,
36,106830,Monday,,-1,,
44,107107,Monday,,1,,
999,107209,Monday,,-1,,
999,107209,Monday,,-1,,
5,107230,Monday,,1,PHARMACY RX,
5,107339,Monday,,1,PHARMACY RX,
5,107341,Monday,,1,PHARMACY RX,
44,107374,Monday,,1,PHARMACY RX,
5,107587,Monday,,1,PHARMACY RX,
5,107681,Monday,,1,PHARMACY RX,
5,107687,Monday,,1,PHARMACY RX,
39,107918,Monday,,1,,
5,107956,Monday,,1,PHARMACY RX,
5,107956,Monday,,1,PHARMACY RX,
37,107984,Monday,,1,,
5,107986,Monday,,1,PHARMACY RX,
5,107986,Monday,,1,PHARMACY RX,
8,107992,Monday,,1,,
43,108020,Monday,,1,,
5,108178,Monday,,1,PHARMACY RX,
5,108178,Monday,,1,PHARMACY RX,
5,108178,Monday,,1,PHARMACY RX,
999,108239,Monday,,-4,,
5,108295,Monday,,1,PHARMACY RX,
7,108322,Monday,,1,,
5,108358,Monday,,1,PHARMACY RX,
5,108358,Monday,,1,PHARMACY RX,
5,108358,Monday,,1,PHARMACY RX,
5,108358,Monday,,1,PHARMACY RX,
5,108358,Monday,,1,PHARMACY RX,
5,108358,Monday,,1,PHARMACY RX,
9,108607,Monday,,1,,
5,108811,Monday,,1,PHARMACY RX,
5,108811,Monday,,1,PHARMACY RX,
5,108832,Monday,,1,PHARMACY RX,
5,108832,Monday,,1,PHARMACY RX,
40,108903,Monday,,1,,
21,108963,Monday,,1,,
5,109073,Monday,,1,PHARMACY RX,
5,109073,Monday,,1,PHARMACY RX,
37,109074,Monday,,1,,
999,109170,Monday,,-2,,
5,109218,Monday,,1,PHARMACY RX,
5,109280,Monday,,1,PHARMACY RX,
5,109315,Monday,,1,PHARMACY RX,
5,109315,Monday,,1,PHARMACY RX,
999,109515,Monday,,-1,,
9,109605,Monday,,1,,
5,109667,Monday,,1,PHARMACY RX,
5,109792,Monday,,1,,
5,109807,Monday,,1,PHARMACY RX,
5,109807,Monday,,1,PHARMACY RX,
5,109927,Monday,,1,PHARMACY RX,
12,109936,Monday,,1,,
5,109960,Monday,,1,PHARMACY RX,
5,109992,Monday,,1,PHARMACY RX,
5,109992,Monday,,1,PHARMACY RX,
37,110115,Monday,,1,,
5,110219,Monday,,1,PHARMACY RX,
5,110219,Monday,,1,PHARMACY RX,
5,110219,Monday,,1,PHARMACY RX,
5,110230,Monday,,1,PHARMACY RX,
5,110248,Monday,,1,PHARMACY RX,
5,110248,Monday,,1,PHARMACY RX,
5,110248,Monday,,1,PHARMACY RX,
5,110248,Monday,,1,PHARMACY RX,
5,110248,Monday,,1,PHARMACY RX,
5,110252,Monday,,1,PHARMACY RX,
5,110252,Monday,,1,PHARMACY RX,
38,110325,Monday,,1,,
5,110400,Monday,,1,PHARMACY RX,
5,110400,Monday,,1,PHARMACY RX,
5,110414,Monday,,1,PHARMACY RX,
5,110414,Monday,,1,PHARMACY RX,
5,110463,Monday,,1,PHARMACY RX,
5,110524,Monday,,1,PHARMACY RX,
5,110524,Monday,,1,PHARMACY RX,
21,110529,Monday,,1,,
21,110529,Monday,,1,,
5,110537,Monday,,1,PHARMACY RX,
5,110576,Monday,,1,PHARMACY RX,
42,110773,Monday,,2,,
5,110857,Monday,,1,PHARMACY RX,
5,110857,Monday,,1,PHARMACY RX,
5,110884,Monday,,1,PHARMACY RX,
15,110935,Monday,,1,,
5,111078,Monday,,1,PHARMACY RX,
8,111143,Monday,,2,,
8,111143,Monday,,1,,
5,111161,Monday,,1,PHARMACY RX,
5,111161,Monday,,1,PHARMACY RX,
5,111225,Monday,,1,PHARMACY RX,
5,111225,Monday,,1,PHARMACY RX,
5,111246,Monday,,1,PHARMACY RX,
5,111310,Monday,,1,PHARMACY RX,
24,111448,Monday,,1,,
5,111516,Monday,,1,PHARMACY RX,
5,111570,Monday,,1,PHARMACY RX,
5,111570,Monday,,1,PHARMACY RX,
999,111650,Monday,,1,,
999,111650,Monday,,-1,,
5,111741,Monday,,1,PHARMACY RX,
5,111813,Monday,,1,PHARMACY RX,
5,111813,Monday,,1,PHARMACY RX,
5,111813,Monday,,1,PHARMACY RX,
5,111813,Monday,,1,PHARMACY RX,
5,111813,Monday,,1,PHARMACY RX,
5,111813,Monday,,1,PHARMACY RX,
5,111813,Monday,,1,PHARMACY RX,
5,111813,Monday,,1,PHARMACY RX,
5,111813,Monday,,1,PHARMACY RX,
43,111844,Monday,,1,,
5,111854,Monday,,1,PHARMACY RX,
5,111854,Monday,,1,PHARMACY RX,
5,111854,Monday,,1,PHARMACY RX,
5,111854,Monday,,1,PHARMACY RX,
8,112742,Tuesday,,1,,
999,112751,Tuesday,,-1,,
999,112752,Tuesday,,1,,
43,112842,Tuesday,,2,,
5,113142,Tuesday,,1,PHARMACY RX,
8,113183,Tuesday,,1,,
8,113183,Tuesday,,1,,
5,113196,Tuesday,,1,PHARMACY RX,
5,113196,Tuesday,,1,PHARMACY RX,
5,113196,Tuesday,,1,PHARMACY RX,
5,113196,Tuesday,,1,PHARMACY RX,
5,113255,Tuesday,,1,PHARMACY RX,
5,113255,Tuesday,,1,PHARMACY RX,
5,113269,Tuesday,,1,PHARMACY RX,
5,113269,Tuesday,,1,PHARMACY RX,
5,113282,Tuesday,,1,PHARMACY RX,
43,113314,Tuesday,,1,,
7,113378,Tuesday,,1,,
999,113447,Tuesday,,-1,,
5,113450,Tuesday,,1,PHARMACY RX,
5,113450,Tuesday,,1,PHARMACY RX,
5,113450,Tuesday,,1,PHARMACY RX,
5,113518,Tuesday,,1,PHARMACY RX,
9,113680,Tuesday,,1,,
9,113680,Tuesday,,1,,
5,113703,Tuesday,,1,PHARMACY RX,
999,113790,Tuesday,,-4,,
5,113839,Tuesday,,1,PHARMACY RX,
5,113892,Tuesday,,1,PHARMACY RX,
5,113892,Tuesday,,1,PHARMACY RX,
5,113892,Tuesday,,1,PHARMACY RX,
5,113983,Tuesday,,1,PHARMACY RX,
44,113994,Tuesday,,1,,
44,113994,Tuesday,,1,,
5,114056,Tuesday,,1,PHARMACY RX,
25,114148,Tuesday,,1,,
5,114259,Tuesday,,1,PHARMACY RX,
999,114309,Tuesday,,-1,,
999,114325,Tuesday,,-1,,
39,114419,Tuesday,,1,,
39,114419,Tuesday,,2,,
999,114565,Tuesday,,1,PHARMACY RX,
8,114662,Tuesday,,3,,
8,114662,Tuesday,,3,,
35,114777,Tuesday,,1,,
18,114889,Tuesday,,1,,
5,115051,Tuesday,,1,PHARMACY RX,
5,115051,Tuesday,,1,PHARMACY RX,
5,115051,Tuesday,,1,PHARMACY RX,
5,115051,Tuesday,,1,PHARMACY RX,
5,115137,Tuesday,,1,PHARMACY RX,
5,115137,Tuesday,,1,PHARMACY RX,
5,115137,Tuesday,,1,PHARMACY RX,
25,115253,Tuesday,,1,,
5,115371,Tuesday,,1,PHARMACY RX,
5,115430,Tuesday,,1,PHARMACY RX,
5,115430,Tuesday,,1,PHARMACY RX,
5,115430,Tuesday,,1,PHARMACY RX,
5,115522,Tuesday,,1,PHARMACY RX,
5,115522,Tuesday,,1,PHARMACY RX,
5,115522,Tuesday,,1,PHARMACY RX,
5,115538,Tuesday,,1,PHARMACY RX,
5,115723,Tuesday,,1,PHARMACY RX,
5,115723,Tuesday,,1,PHARMACY RX,
5,115768,Tuesday,,1,PHARMACY RX,
5,115768,Tuesday,,1,PHARMACY RX,
5,115786,Tuesday,,1,PHARMACY RX,
999,115789,Tuesday,,-1,,
5,115808,Tuesday,,1,PHARMACY RX,
5,115858,Tuesday,,1,PHARMACY RX,
5,115931,Tuesday,,1,PHARMACY RX,
5,115961,Tuesday,,1,PHARMACY RX,
5,116079,Tuesday,,1,PHARMACY RX,
5,116102,Tuesday,,1,PHARMACY RX,
5,116217,Tuesday,,1,PHARMACY RX,
25,116320,Tuesday,,1,,
25,116494,Tuesday,,1,,
5,116724,Tuesday,,1,PHARMACY RX,
5,116724,Tuesday,,1,PHARMACY RX,
5,116724,Tuesday,,-1,PHARMACY RX,
5,116724,Tuesday,,-1,PHARMACY RX,
5,116724,Tuesday,,-1,PHARMACY RX,
5,116724,Tuesday,,1,PHARMACY RX,
5,116746,Tuesday,,1,PHARMACY RX,
5,117007,Tuesday,,1,PHARMACY RX,
5,117023,Tuesday,,1,PHARMACY RX,
8,117183,Tuesday,,1,PHARMACY RX,
5,117237,Tuesday,,1,PHARMACY RX,
5,117237,Tuesday,,1,PHARMACY RX,
5,117343,Tuesday,,1,PHARMACY RX,
5,117343,Tuesday,,1,PHARMACY RX,
5,117415,Tuesday,,1,PHARMACY RX,
5,117415,Tuesday,,1,PHARMACY RX,
5,117555,Tuesday,,1,PHARMACY RX,
5,117579,Tuesday,,1,PHARMACY RX,
5,117579,Tuesday,,1,PHARMACY RX,
37,117582,Tuesday,,1,,
5,117627,Tuesday,,1,PHARMACY RX,
39,117846,Tuesday,,1,PHARMACY RX,
39,117846,Tuesday,,1,PHARMACY RX,
5,117961,Tuesday,,1,PHARMACY RX,
5,117961,Tuesday,,1,PHARMACY RX,
5,117961,Tuesday,,1,PHARMACY RX,
9,119022,Wednesday,,1,,
44,119240,Wednesday,,1,,
8,119278,Wednesday,,1,,
5,119301,Wednesday,,1,PHARMACY RX,
5,119720,Wednesday,,1,PHARMACY RX,
5,119858,Wednesday,,1,PHARMACY RX,
5,119858,Wednesday,,1,PHARMACY RX,
5,119858,Wednesday,,1,PHARMACY RX,
5,120042,Wednesday,,1,PHARMACY RX,
5,120042,Wednesday,,1,PHARMACY RX,
5,120042,Wednesday,,1,PHARMACY RX,
5,120115,Wednesday,,1,PHARMACY RX,
5,120308,Wednesday,,1,PHARMACY RX,
5,120308,Wednesday,,1,PHARMACY RX,
5,120308,Wednesday,,1,PHARMACY RX,
38,120598,Wednesday,,1,,
5,120916,Wednesday,,1,PHARMACY RX,
4,120940,Wednesday,,1,PHARMACY RX,
5,121036,Wednesday,,1,PHARMACY RX,
5,121036,Wednesday,,1,PHARMACY RX,
5,121036,Wednesday,,1,PHARMACY RX,
5,121036,Wednesday,,1,PHARMACY RX,
5,121036,Wednesday,,1,PHARMACY RX,
5,121036,Wednesday,,1,PHARMACY RX,
24,121153,Wednesday,,1,,
24,121153,Wednesday,,1,,
5,121211,Wednesday,,1,PHARMACY RX,
5,121312,Wednesday,,1,PHARMACY RX,
5,121401,Wednesday,,1,PHARMACY RX,
5,121452,Wednesday,,1,PHARMACY RX,
5,121456,Wednesday,,1,PHARMACY RX,
5,121503,Wednesday,,1,PHARMACY RX,
5,121503,Wednesday,,1,PHARMACY RX,
5,121614,Wednesday,,1,PHARMACY RX,
5,121624,Wednesday,,1,PHARMACY RX,
5,121624,Wednesday,,1,PHARMACY RX,
36,121657,Wednesday,,1,,
9,121672,Wednesday,,1,,
999,121736,Wednesday,,1,,
5,121751,Wednesday,,1,PHARMACY RX,
999,121767,Wednesday,,-1,,
5,121770,Wednesday,,1,PHARMACY RX,
36,121777,Wednesday,,1,PHARMACY RX,
5,121783,Wednesday,,1,PHARMACY RX,
5,121783,Wednesday,,1,PHARMACY RX,
5,121783,Wednesday,,1,PHARMACY RX,
5,121803,Wednesday,,1,PHARMACY RX,
5,121844,Wednesday,,1,PHARMACY RX,
999,121931,Wednesday,,2,,
999,121931,Wednesday,,3,,
999,121931,Wednesday,,1,,
5,121985,Wednesday,,1,PHARMACY RX,
5,122014,Wednesday,,1,PHARMACY RX,
5,122075,Wednesday,,1,PHARMACY RX,
5,122075,Wednesday,,1,PHARMACY RX,
5,122152,Wednesday,,1,PHARMACY RX,
5,122152,Wednesday,,1,PHARMACY RX,
999,122186,Wednesday,,1,,
5,122199,Wednesday,,1,PHARMACY RX,
30,122427,Wednesday,,1,,
999,122439,Wednesday,,1,PHARMACY RX,
5,122565,Wednesday,,1,PHARMACY RX,
5,122567,Wednesday,,1,PHARMACY RX,
5,122751,Wednesday,,1,PHARMACY RX,
5,122751,Wednesday,,1,PHARMACY RX,
5,122751,Wednesday,,1,PHARMACY RX,
5,122751,Wednesday,,1,PHARMACY RX,
25,122823,Wednesday,,1,,
5,122829,Wednesday,,1,PHARMACY RX,
31,122857,Wednesday,,1,,
44,122871,Wednesday,,1,,
5,122919,Wednesday,,1,PHARMACY RX,
5,122919,Wednesday,,1,PHARMACY RX,
5,122919,Wednesday,,1,PHARMACY RX,
5,122919,Wednesday,,1,PHARMACY RX,
5,122919,Wednesday,,1,PHARMACY RX,
5,122919,Wednesday,,1,PHARMACY RX,
5,122919,Wednesday,,1,PHARMACY RX,
999,122981,Wednesday,,1,,
5,123095,Wednesday,,1,PHARMACY RX,
5,123095,Wednesday,,1,PHARMACY RX,
5,123095,Wednesday,,1,PHARMACY RX,
5,123188,Wednesday,,1,PHARMACY RX,
5,123188,Wednesday,,1,PHARMACY RX,
999,123191,Wednesday,,1,PHARMACY RX,
999,123191,Wednesday,,-1,PHARMACY RX,
5,123208,Wednesday,,1,PHARMACY RX,
5,123209,Wednesday,,1,PHARMACY RX,
5,123277,Wednesday,,1,PHARMACY RX,
5,123288,Wednesday,,1,PHARMACY RX,
39,123299,Wednesday,,1,,
5,123540,Wednesday,,1,PHARMACY RX,
5,123540,Wednesday,,1,PHARMACY RX,
5,123540,Wednesday,,-1,PHARMACY RX,
5,123540,Wednesday,,1,PHARMACY RX,
5,123540,Wednesday,,1,PHARMACY RX,
5,123540,Wednesday,,-1,PHARMACY RX,
5,123540,Wednesday,,1,PHARMACY RX,
5,123540,Wednesday,,1,PHARMACY RX,
5,123540,Wednesday,,1,PHARMACY RX,
5,123540,Wednesday,,1,PHARMACY RX,
5,123540,Wednesday,,-1,PHARMACY RX,
5,123540,Wednesday,,1,PHARMACY RX,
5,123556,Wednesday,,1,PHARMACY RX,
43,123592,Wednesday,,1,PHARMACY RX,
43,123592,Wednesday,,1,PHARMACY RX,
43,123592,Wednesday,,1,PHARMACY RX,
5,123654,Wednesday,,1,PHARMACY RX,
5,123654,Wednesday,,1,PHARMACY RX,
5,123790,Wednesday,,1,PHARMACY RX,
5,123790,Wednesday,,1,PHARMACY RX,
5,123790,Wednesday,,1,PHARMACY RX,
5,123930,Wednesday,,1,PHARMACY RX,
5,123930,Wednesday,,1,PHARMACY RX,
5,123930,Wednesday,,1,PHARMACY RX,
40,124227,Wednesday,,1,,
9,124302,Wednesday,,1,,
9,124407,Wednesday,,1,,
32,124440,Wednesday,,1,,
32,124531,Wednesday,,1,,
40,124609,Wednesday,,1,,
9,124931,Thursday,,1,,
999,125287,Thursday,,1,,
25,125358,Thursday,,1,,
43,125401,Thursday,,1,PHARMACY RX,
25,125412,Thursday,,1,PHARMACY RX,
5,125488,Thursday,,1,PHARMACY RX,
9,125649,Thursday,,1,,
9,125649,Thursday,,1,,
5,125704,Thursday,,1,PHARMACY RX,
5,125770,Thursday,,1,PHARMACY RX,
5,125770,Thursday,,1,PHARMACY RX,
5,125770,Thursday,,1,PHARMACY RX,
5,125770,Thursday,,1,PHARMACY RX,
5,125945,Thursday,,1,PHARMACY RX,
5,125957,Thursday,,1,PHARMACY RX,
999,126040,Thursday,,-1,,
39,126109,Thursday,,1,,
999,126169,Thursday,,-1,,
999,126169,Thursday,,-1,,
5,126221,Thursday,,1,PHARMACY RX,
5,126426,Thursday,,1,PHARMACY RX,
5,126426,Thursday,,1,PHARMACY RX,
38,126455,Thursday,,-1,,
38,126455,Thursday,,1,,
28,126490,Thursday,,1,,
9,126535,Thursday,,1,,
999,126624,Thursday,,1,,
5,126755,Thursday,,1,PHARMACY RX,
38,126774,Thursday,,1,,
38,126774,Thursday,,1,,
5,126803,Thursday,,1,PHARMACY RX,
5,126803,Thursday,,1,PHARMACY RX,
5,127000,Thursday,,1,PHARMACY RX,
32,127083,Thursday,,1,,
999,127149,Thursday,,1,,
5,127257,Thursday,,1,PHARMACY RX,
5,127257,Thursday,,1,PHARMACY RX,
5,127281,Thursday,,1,PHARMACY RX,
5,127281,Thursday,,1,PHARMACY RX,
5,127281,Thursday,,1,PHARMACY RX,
5,127308,Thursday,,1,PHARMACY RX,
5,127351,Thursday,,1,PHARMACY RX,
5,127424,Thursday,,1,PHARMACY RX,
5,127424,Thursday,,1,PHARMACY RX,
5,127424,Thursday,,1,PHARMACY RX,
5,127516,Thursday,,1,PHARMACY RX,
5,127665,Thursday,,1,PHARMACY RX,
42,127760,Thursday,,1,,
999,127851,Thursday,,1,,
5,127906,Thursday,,1,PHARMACY RX,
5,127906,Thursday,,1,PHARMACY RX,
999,128041,Thursday,,1,,
5,128104,Thursday,,1,PHARMACY RX,
999,128205,Thursday,,1,,
5,128230,Thursday,,1,PHARMACY RX,
5,128339,Thursday,,1,PHARMACY RX,
5,128353,Thursday,,1,PHARMACY RX,
5,128353,Thursday,,1,PHARMACY RX,
5,128399,Thursday,,1,PHARMACY RX,
5,128530,Thursday,,1,PHARMACY RX,
5,128530,Thursday,,-1,PHARMACY RX,
5,128530,Thursday,,1,PHARMACY RX,
39,128555,Thursday,,1,,
5,128676,Thursday,,1,PHARMACY RX,
5,128676,Thursday,,1,PHARMACY RX,
5,128699,Thursday,,1,PHARMACY RX,
5,128997,Thursday,,1,PHARMACY RX,
5,128997,Thursday,,1,PHARMACY RX,
5,129170,Thursday,,1,PHARMACY RX,
5,129170,Thursday,,1,PHARMACY RX,
8,129241,Thursday,,1,,
36,129358,Thursday,,-1,PHARMACY RX,
36,129358,Thursday,,1,PHARMACY RX,
36,129358,Thursday,,-1,PHARMACY RX,
36,129358,Thursday,,1,PHARMACY RX,
36,129358,Thursday,,1,PHARMACY RX,
36,129358,Thursday,,-1,PHARMACY RX,
36,129358,Thursday,,1,PHARMACY RX,
36,129358,Thursday,,-1,PHARMACY RX,
36,129358,Thursday,,1,PHARMACY RX,
36,129358,Thursday,,-1,PHARMACY RX,
25,129362,Thursday,,1,,
5,129416,Thursday,,1,PHARMACY RX,
5,129416,Thursday,,1,PHARMACY RX,
5,129416,Thursday,,1,PHARMACY RX,
5,129416,Thursday,,1,PHARMACY RX,
5,129416,Thursday,,1,PHARMACY RX,
40,129927,Thursday,,1,,
25,130302,Thursday,,1,,
39,130424,Thursday,,1,,
37,130520,Thursday,,1,,
5,131223,Friday,,1,PHARMACY RX,
5,131223,Friday,,1,PHARMACY RX,
5,131244,Friday,,1,PHARMACY RX,
5,131320,Friday,,1,PHARMACY RX,
999,131678,Friday,,1,,
999,131678,Friday,,-1,,
39,131871,Friday,,2,,
39,131871,Friday,,-1,,
5,132006,Friday,,1,PHARMACY RX,
40,132044,Friday,,1,,
5,132136,Friday,,1,PHARMACY RX,
5,132136,Friday,,1,PHARMACY RX,
5,132391,Friday,,1,PHARMACY RX,
40,132790,Friday,,1,,
40,132790,Friday,,2,,
40,132790,Friday,,-2,,
999,132830,Friday,,1,,
25,132894,Friday,,1,,
5,133259,Friday,,1,PHARMACY RX,
5,133259,Friday,,1,PHARMACY RX,
999,133295,Friday,,-4,,
5,133309,Friday,,1,PHARMACY RX,
5,133391,Friday,,1,PHARMACY RX,
999,133512,Friday,,-1,PHARMACY RX,
999,133512,Friday,,1,PHARMACY RX,
9,133513,Friday,,1,,
5,133630,Friday,,1,PHARMACY RX,
5,133807,Friday,,1,PHARMACY RX,
5,133987,Friday,,1,PHARMACY RX,
30,134214,Friday,,1,,
5,134219,Friday,,1,PHARMACY RX,
5,134455,Friday,,1,PHARMACY RX,
30,134540,Friday,,1,,
40,134771,Friday,,1,,
18,134837,Friday,,1,,
15,134840,Friday,,1,,
25,134860,Friday,,1,,
25,134860,Friday,,1,,
20,134908,Friday,,1,PHARMACY RX,
5,134967,Friday,,1,PHARMACY RX,
8,134971,Friday,,1,,
5,134976,Friday,,1,PHARMACY RX,
4,135075,Friday,,1,,
30,135108,Friday,,1,,
5,135252,Friday,,1,PHARMACY RX,
5,135265,Friday,,1,PHARMACY RX,
5,135265,Friday,,1,PHARMACY RX,
5,135284,Friday,,1,PHARMACY RX,
43,135346,Friday,,1,PHARMACY RX,
43,135346,Friday,,1,PHARMACY RX,
39,135423,Friday,,1,,
5,135425,Friday,,1,PHARMACY RX,
5,135425,Friday,,1,PHARMACY RX,
5,135484,Friday,,1,PHARMACY RX,
5,135484,Friday,,1,PHARMACY RX,
5,135484,Friday,,1,PHARMACY RX,
5,135522,Friday,,1,PHARMACY RX,
999,135657,Friday,,-1,PHARMACY RX,
999,135657,Friday,,1,PHARMACY RX,
999,135657,Friday,,1,PHARMACY RX,
999,135657,Friday,,-1,PHARMACY RX,
5,135741,Friday,,1,PHARMACY RX,
27,135750,Friday,,1,,
5,135797,Friday,,1,PHARMACY RX,
5,135797,Friday,,1,PHARMACY RX,
7,135812,Friday,,1,PHARMACY RX,
999,136005,Friday,,1,PHARMACY RX,
999,136005,Friday,,-1,PHARMACY RX,
999,136077,Friday,,-1,,
40,136089,Friday,,1,,
40,136379,Friday,,1,,
9,137170,Saturday,,1,,
36,137321,Saturday,,1,PHARMACY RX,
5,137429,Saturday,,1,PHARMACY RX,
5,137442,Saturday,,1,PHARMACY RX,
5,137446,Saturday,,1,PHARMACY RX,
5,137468,Saturday,,1,PHARMACY RX,
24,137643,Saturday,,1,,
5,137674,Saturday,,1,PHARMACY RX,
5,137865,Saturday,,1,PHARMACY RX,
5,137865,Saturday,,1,PHARMACY RX,
5,137953,Saturday,,1,PHARMACY RX,
5,138097,Saturday,,1,PHARMACY RX,
30,138115,Saturday,,1,,
5,138123,Saturday,,1,PHARMACY RX,
30,138135,Saturday,,1,,
5,138328,Saturday,,1,PHARMACY RX,
5,138341,Saturday,,1,PHARMACY RX,
5,138341,Saturday,,1,PHARMACY RX,
5,138483,Saturday,,1,PHARMACY RX,
5,138588,Saturday,,1,PHARMACY RX,
5,138646,Saturday,,1,PHARMACY RX,
5,138763,Saturday,,1,PHARMACY RX,
5,138763,Saturday,,1,PHARMACY RX,
5,138763,Saturday,,1,PHARMACY RX,
39,139119,Saturday,,1,,
39,139230,Saturday,,-1,,
39,139230,Saturday,,1,,
39,139230,Saturday,,1,,
33,139261,Saturday,,1,,
5,139376,Saturday,,1,PHARMACY RX,
5,139376,Saturday,,1,PHARMACY RX,
5,139376,Saturday,,1,PHARMACY RX,
39,139388,Saturday,,1,,
5,139528,Saturday,,1,PHARMACY RX,
36,139600,Saturday,,1,,
5,140001,Saturday,,1,PHARMACY RX,
5,140001,Saturday,,1,PHARMACY RX,
5,140001,Saturday,,1,PHARMACY RX,
5,140001,Saturday,,1,PHARMACY RX,
40,140021,Saturday,,1,,
5,140104,Saturday,,1,PHARMACY RX,
5,140104,Saturday,,1,PHARMACY RX,
5,140192,Saturday,,1,PHARMACY RX,
5,140192,Saturday,,1,PHARMACY RX,
5,140334,Saturday,,1,PHARMACY RX,
5,140334,Saturday,,1,PHARMACY RX,
40,140408,Saturday,,1,,
18,140537,Saturday,,1,,
5,140615,Saturday,,1,PHARMACY RX,
5,140615,Saturday,,1,PHARMACY RX,
5,140667,Saturday,,1,PHARMACY RX,
5,140694,Saturday,,1,PHARMACY RX,
5,140694,Saturday,,1,PHARMACY RX,
8,140719,Saturday,,1,,
44,140771,Saturday,,1,,
5,140938,Saturday,,1,PHARMACY RX,
5,140938,Saturday,,1,PHARMACY RX,
39,140989,Saturday,,1,,
35,141037,Saturday,,1,,
35,141037,Saturday,,1,,
5,141052,Saturday,,1,PHARMACY RX,
5,141052,Saturday,,1,PHARMACY RX,
5,141087,Saturday,,1,PHARMACY RX,
5,141087,Saturday,,1,PHARMACY RX,
5,141087,Saturday,,1,PHARMACY RX,
5,141087,Saturday,,1,PHARMACY RX,
5,141087,Saturday,,1,PHARMACY RX,
5,141277,Saturday,,1,PHARMACY RX,
5,141277,Saturday,,1,PHARMACY RX,
5,141564,Saturday,,1,PHARMACY RX,
24,141902,Saturday,,1,,
12,141930,Saturday,,1,,
25,141961,Saturday,,1,,
39,142578,Saturday,,1,,
39,142578,Saturday,,1,,
42,142650,Saturday,,1,,
40,142740,Saturday,,-1,,
40,142740,Saturday,,2,,
26,142836,Saturday,,1,,
30,143167,Saturday,,1,,
24,143252,Saturday,,1,,
999,143283,Saturday,,1,,
9,143704,Sunday,,1,,
9,143704,Sunday,,1,,
18,144064,Sunday,,1,,
5,144273,Sunday,,1,PHARMACY RX,
5,144273,Sunday,,1,PHARMACY RX,
32,144560,Sunday,,1,,
5,144691,Sunday,,1,PHARMACY RX,
5,144691,Sunday,,1,PHARMACY RX,
5,144723,Sunday,,1,PHARMACY RX,
5,144856,Sunday,,1,PHARMACY RX,
5,144947,Sunday,,1,PHARMACY RX,
999,145032,Sunday,,-1,,
28,145050,Sunday,,1,,
5,145205,Sunday,,1,PHARMACY RX,
5,145205,Sunday,,1,PHARMACY RX,
5,145205,Sunday,,1,PHARMACY RX,
5,145220,Sunday,,1,PHARMACY RX,
43,145328,Sunday,,1,PHARMACY RX,
5,145355,Sunday,,1,PHARMACY RX,
39,145730,Sunday,,1,,
39,145730,Sunday,,-1,,
39,145730,Sunday,,1,,
999,145731,Sunday,,1,,
999,145781,Sunday,,-1,,
999,145860,Sunday,,1,,
5,145965,Sunday,,1,PHARMACY RX,
5,145965,Sunday,,1,PHARMACY RX,
5,145965,Sunday,,1,PHARMACY RX,
5,146057,Sunday,,1,PHARMACY RX,
27,146184,Sunday,,1,,
999,146209,Sunday,,-1,,
5,146335,Sunday,,1,PHARMACY RX,
5,146669,Sunday,,1,PHARMACY RX,
5,146669,Sunday,,1,PHARMACY RX,
5,146689,Sunday,,1,PHARMACY RX,
40,146772,Sunday,,1,,
5,146808,Sunday,,1,PHARMACY RX,
5,146840,Sunday,,1,PHARMACY RX,
15,146867,Sunday,,1,,
5,146976,Sunday,,1,PHARMACY RX,
999,147013,Sunday,,-1,,
37,147070,Sunday,,1,,
37,147202,Sunday,,1,,
43,147316,Sunday,,1,,
5,147346,Sunday,,1,PHARMACY RX,
5,147394,Sunday,,1,PHARMACY RX,
999,147592,Sunday,,1,,
5,147613,Sunday,,1,PHARMACY RX,
5,147613,Sunday,,1,PHARMACY RX,
5,147714,Sunday,,1,PHARMACY RX,
999,147840,Sunday,,1,,
40,147907,Sunday,,1,,
40,147907,Sunday,,3,,
9,148021,Sunday,,1,,
12,148230,Sunday,,1,,
25,148462,Sunday,,2,,
25,149172,Sunday,,1,,
40,149240,Sunday,,1,,
9,149393,Sunday,,1,,
40,149607,Sunday,,1,,
40,149918,Sunday,,1,,
24,149932,Sunday,,1,,
25,149944,Sunday,,1,,
39,150476,Monday,,1,,
5,150525,Monday,,1,PHARMACY RX,
5,150546,Monday,,1,PHARMACY RX,
25,150556,Monday,,4,,
5,150748,Monday,,1,PHARMACY RX,
999,150818,Monday,,-1,,
25,151020,Monday,,1,,
5,151406,Monday,,1,PHARMACY RX,
5,151406,Monday,,1,PHARMACY RX,
39,151476,Monday,,1,,
40,152149,Monday,,1,,
9,152153,Monday,,1,,
5,152183,Monday,,1,PHARMACY RX,
5,152183,Monday,,1,PHARMACY RX,
5,152183,Monday,,1,PHARMACY RX,
40,152188,Monday,,1,,
8,152237,Monday,,1,PHARMACY RX,
5,152253,Monday,,1,PHARMACY RX,
5,152344,Monday,,1,PHARMACY RX,
5,152344,Monday,,1,PHARMACY RX,
5,152728,Monday,,1,PHARMACY RX,
5,152728,Monday,,1,PHARMACY RX,
32,152765,Monday,,1,,
39,152846,Monday,,1,,
5,152938,Monday,,1,PHARMACY RX,
40,152962,Monday,,1,,
5,153051,Monday,,1,PHARMACY RX,
5,153195,Monday,,1,PHARMACY RX,
25,153251,Monday,,1,,
5,153255,Monday,,1,PHARMACY RX,
5,153462,Monday,,1,PHARMACY RX,
5,153504,Monday,,1,PHARMACY RX,
5,153913,Monday,,1,PHARMACY RX,
999,154160,Monday,,1,,
999,154160,Monday,,-1,,
999,154207,Monday,,-1,,
21,154263,Monday,,1,,
24,155257,Monday,,1,,
32,155352,Monday,,1,,
999,155706,Monday,,1,,
5,156393,Tuesday,,1,PHARMACY RX,
999,156445,Tuesday,,1,PHARMACY RX,
999,156445,Tuesday,,1,PHARMACY RX,
999,156445,Tuesday,,-1,PHARMACY RX,
999,156445,Tuesday,,-1,PHARMACY RX,
999,156445,Tuesday,,1,PHARMACY RX,
999,156445,Tuesday,,-1,PHARMACY RX,
999,156445,Tuesday,,1,PHARMACY RX,
999,156445,Tuesday,,-1,PHARMACY RX,
5,156453,Tuesday,,1,PHARMACY RX,
9,156494,Tuesday,,1,PHARMACY RX,
5,156568,Tuesday,,1,PHARMACY RX,
5,156679,Tuesday,,1,PHARMACY RX,
5,156679,Tuesday,,1,PHARMACY RX,
43,156834,Tuesday,,1,PHARMACY RX,
43,156834,Tuesday,,1,PHARMACY RX,
5,157032,Tuesday,,1,PHARMACY RX,
5,157032,Tuesday,,1,PHARMACY RX,
5,157032,Tuesday,,1,PHARMACY RX,
5,157032,Tuesday,,1,PHARMACY RX,
5,157032,Tuesday,,1,PHARMACY RX,
5,157032,Tuesday,,1,PHARMACY RX,
5,157046,Tuesday,,1,PHARMACY RX,
5,157268,Tuesday,,1,PHARMACY RX,
5,157278,Tuesday,,1,PHARMACY RX,
5,157628,Tuesday,,1,PHARMACY RX,
5,157642,Tuesday,,1,PHARMACY RX,
5,157665,Tuesday,,1,PHARMACY RX,
5,157858,Tuesday,,1,PHARMACY RX,
5,157928,Tuesday,,1,PHARMACY RX,
5,157938,Tuesday,,1,PHARMACY RX,
5,157938,Tuesday,,1,PHARMACY RX,
5,157938,Tuesday,,1,PHARMACY RX,
5,157938,Tuesday,,1,PHARMACY RX,
5,157938,Tuesday,,1,PHARMACY RX,
5,157938,Tuesday,,1,PHARMACY RX,
5,158089,Tuesday,,1,PHARMACY RX,
5,158344,Tuesday,,1,PHARMACY RX,
40,158481,Tuesday,,1,,
36,158515,Tuesday,,1,,
40,158537,Tuesday,,1,,
5,158548,Tuesday,,1,PHARMACY RX,
5,158548,Tuesday,,1,PHARMACY RX,
5,158598,Tuesday,,1,PHARMACY RX,
40,158741,Tuesday,,1,,
40,158882,Tuesday,,1,,
5,158887,Tuesday,,1,PHARMACY RX,
5,158917,Tuesday,,1,PHARMACY RX,
5,158917,Tuesday,,1,PHARMACY RX,
37,158918,Tuesday,,1,,
5,158991,Tuesday,,1,PHARMACY RX,
5,158991,Tuesday,,1,PHARMACY RX,
5,158991,Tuesday,,1,PHARMACY RX,
39,159006,Tuesday,,1,,
5,159009,Tuesday,,1,PHARMACY RX,
5,159009,Tuesday,,1,PHARMACY RX,
5,159023,Tuesday,,1,PHARMACY RX,
39,159027,Tuesday,,1,,
5,159049,Tuesday,,1,PHARMACY RX,
5,159144,Tuesday,,1,PHARMACY RX,
5,159154,Tuesday,,1,PHARMACY RX,
5,159154,Tuesday,,1,PHARMACY RX,
42,159307,Tuesday,,1,,
999,159342,Tuesday,,1,,
5,159407,Tuesday,,1,PHARMACY RX,
38,159688,Tuesday,,1,PHARMACY RX,
5,159790,Tuesday,,1,PHARMACY RX,
999,159807,Tuesday,,-1,,
5,159997,Tuesday,,1,PHARMACY RX,
5,159997,Tuesday,,1,PHARMACY RX,
5,159997,Tuesday,,1,PHARMACY RX,
5,159997,Tuesday,,1,PHARMACY RX,
5,159997,Tuesday,,1,PHARMACY RX,
5,160157,Tuesday,,1,PHARMACY RX,
44,160191,Tuesday,,1,,
25,160264,Tuesday,,1,,
5,160295,Tuesday,,1,PHARMACY RX,
34,160335,Tuesday,,1,,
41,160389,Tuesday,,1,,
40,160551,Tuesday,,1,,
37,161033,Tuesday,,1,,
37,161033,Tuesday,,-1,,
30,161796,Wednesday,,-1,,
30,161796,Wednesday,,2,,
999,161870,Wednesday,,-3,,
999,161870,Wednesday,,-1,,
999,161878,Wednesday,,1,,
999,161878,Wednesday,,3,,
39,161882,Wednesday,,1,,
5,161979,Wednesday,,1,PHARMACY RX,
5,161979,Wednesday,,1,PHARMACY RX,
5,162052,Wednesday,,1,PHARMACY RX,
5,162052,Wednesday,,1,PHARMACY RX,
5,162150,Wednesday,,1,PHARMACY RX,
5,162150,Wednesday,,1,PHARMACY RX,
5,162150,Wednesday,,1,PHARMACY RX,
5,162228,Wednesday,,1,PHARMACY RX,
5,162228,Wednesday,,1,PHARMACY RX,
5,162235,Wednesday,,1,PHARMACY RX,
999,162326,Wednesday,,1,,
5,162424,Wednesday,,1,PHARMACY RX,
5,162424,Wednesday,,1,PHARMACY RX,
5,162424,Wednesday,,1,PHARMACY RX,
5,162424,Wednesday,,1,PHARMACY RX,
5,162514,Wednesday,,1,PHARMACY RX,
5,162585,Wednesday,,1,PHARMACY RX,
5,162597,Wednesday,,1,PHARMACY RX,
5,162701,Wednesday,,1,PHARMACY RX,
5,162701,Wednesday,,1,PHARMACY RX,
5,162732,Wednesday,,1,PHARMACY RX,
5,162761,Wednesday,,1,PHARMACY RX,
5,162761,Wednesday,,1,PHARMACY RX,
21,162762,Wednesday,,1,,
9,162956,Wednesday,,1,,
43,163063,Wednesday,,1,PHARMACY RX,
36,163181,Wednesday,,1,PHARMACY RX,
5,163291,Wednesday,,1,PHARMACY RX,
5,163483,Wednesday,,1,PHARMACY RX,
5,163483,Wednesday,,1,PHARMACY RX,
5,163483,Wednesday,,1,PHARMACY RX,
5,163483,Wednesday,,1,PHARMACY RX,
5,163483,Wednesday,,1,PHARMACY RX,
40,163504,Wednesday,,1,,
36,163546,Wednesday,,1,,
25,163551,Wednesday,,1,PHARMACY RX,
40,163893,Wednesday,,1,,
42,163951,Wednesday,,1,,
5,164090,Wednesday,,1,PHARMACY RX,
5,164090,Wednesday,,1,PHARMACY RX,
5,164112,Wednesday,,1,PHARMACY RX,
5,164112,Wednesday,,1,PHARMACY RX,
5,164132,Wednesday,,1,PHARMACY RX,
5,164150,Wednesday,,1,PHARMACY RX,
5,164150,Wednesday,,1,PHARMACY RX,
5,164495,Wednesday,,1,PHARMACY RX,
5,164495,Wednesday,,1,PHARMACY RX,
5,164495,Wednesday,,1,PHARMACY RX,
5,164501,Wednesday,,1,PHARMACY RX,
40,164536,Wednesday,,1,,
5,164673,Wednesday,,1,PHARMACY RX,
5,164673,Wednesday,,1,PHARMACY RX,
5,164824,Wednesday,,1,PHARMACY RX,
5,164824,Wednesday,,1,PHARMACY RX,
5,164824,Wednesday,,1,PHARMACY RX,
5,164824,Wednesday,,1,PHARMACY RX,
32,164958,Wednesday,,1,,
5,164974,Wednesday,,1,PHARMACY RX,
5,165002,Wednesday,,1,PHARMACY RX,
5,165002,Wednesday,,1,PHARMACY RX,
5,165015,Wednesday,,1,PHARMACY RX,
5,165015,Wednesday,,1,PHARMACY RX,
5,165176,Wednesday,,1,PHARMACY RX,
5,165225,Wednesday,,1,PHARMACY RX,
5,165225,Wednesday,,1,PHARMACY RX,
5,165225,Wednesday,,1,PHARMACY RX,
5,165225,Wednesday,,1,PHARMACY RX,
5,165225,Wednesday,,1,PHARMACY RX,
24,165300,Wednesday,,1,,
5,165440,Wednesday,,1,PHARMACY RX,
5,165503,Wednesday,,1,PHARMACY RX,
5,165503,Wednesday,,1,PHARMACY RX,
5,165554,Wednesday,,1,PHARMACY RX,
5,165554,Wednesday,,1,PHARMACY RX,
5,165554,Wednesday,,1,PHARMACY RX,
5,165554,Wednesday,,1,PHARMACY RX,
5,165554,Wednesday,,1,PHARMACY RX,
5,165554,Wednesday,,1,PHARMACY RX,
8,165707,Wednesday,,1,PHARMACY RX,
5,165890,Wednesday,,1,,
999,165909,Wednesday,,1,,
5,165920,Wednesday,,1,PHARMACY RX,
999,166029,Wednesday,,1,,
999,166040,Wednesday,,-1,,
43,166456,Wednesday,,1,,
40,166585,Wednesday,,1,,
40,166793,Wednesday,,1,,
5,167281,Thursday,,1,PHARMACY RX,
5,167306,Thursday,,1,PHARMACY RX,
5,167542,Thursday,,1,PHARMACY RX,
5,167827,Thursday,,1,PHARMACY RX,
5,167847,Thursday,,1,PHARMACY RX,
5,167847,Thursday,,1,PHARMACY RX,
5,167847,Thursday,,1,PHARMACY RX,
5,167847,Thursday,,1,PHARMACY RX,
5,167855,Thursday,,1,PHARMACY RX,
5,167855,Thursday,,1,PHARMACY RX,
5,167925,Thursday,,1,PHARMACY RX,
5,167925,Thursday,,1,PHARMACY RX,
5,168001,Thursday,,1,PHARMACY RX,
5,168001,Thursday,,1,PHARMACY RX,
5,168069,Thursday,,1,PHARMACY RX,
5,168095,Thursday,,1,PHARMACY RX,
24,168222,Thursday,,1,,
8,168296,Thursday,,1,,
5,168306,Thursday,,1,PHARMACY RX,
5,168307,Thursday,,1,PHARMACY RX,
37,168352,Thursday,,1,,
7,168371,Thursday,,1,,
42,168468,Thursday,,1,,
24,168646,Thursday,,1,,
5,168739,Thursday,,1,PHARMACY RX,
5,168739,Thursday,,1,PHARMACY RX,
25,168804,Thursday,,1,,
5,168857,Thursday,,1,PHARMACY RX,
5,168951,Thursday,,1,PHARMACY RX,
5,168951,Thursday,,1,PHARMACY RX,
8,169185,Thursday,,1,,
999,169203,Thursday,,-3,,
5,169210,Thursday,,1,PHARMACY RX,
999,169214,Thursday,,1,,
5,169224,Thursday,,1,PHARMACY RX,
5,169224,Thursday,,1,PHARMACY RX,
5,169329,Thursday,,1,PHARMACY RX,
40,169336,Thursday,,2,,
5,169411,Thursday,,1,PHARMACY RX,
5,169475,Thursday,,1,PHARMACY RX,
40,169530,Thursday,,1,,
5,169937,Thursday,,1,PHARMACY RX,
5,169937,Thursday,,1,PHARMACY RX,
5,169937,Thursday,,1,PHARMACY RX,
5,170050,Thursday,,1,PHARMACY RX,
5,170050,Thursday,,1,PHARMACY RX,
5,170050,Thursday,,1,PHARMACY RX,
5,170050,Thursday,,1,PHARMACY RX,
5,170116,Thursday,,1,PHARMACY RX,
5,170468,Thursday,,1,PHARMACY RX,
5,170495,Thursday,,1,PHARMACY RX,
5,170495,Thursday,,1,PHARMACY RX,
5,170530,Thursday,,1,PHARMACY RX,
5,170633,Thursday,,1,PHARMACY RX,
5,170633,Thursday,,1,PHARMACY RX,
5,170753,Thursday,,1,PHARMACY RX,
5,171104,Thursday,,1,PHARMACY RX,
5,171104,Thursday,,1,PHARMACY RX,
999,171254,Thursday,,1,,
5,171294,Thursday,,1,PHARMACY RX,
5,171294,Thursday,,1,PHARMACY RX,
5,171298,Thursday,,1,PHARMACY RX,
37,171340,Thursday,,1,,
8,172024,Thursday,,1,,
999,172662,Friday,,1,,
999,172662,Friday,,-1,,
43,172833,Friday,,1,,
5,172951,Friday,,1,PHARMACY RX,
5,172951,Friday,,1,PHARMACY RX,
5,172974,Friday,,1,PHARMACY RX,
5,173037,Friday,,1,PHARMACY RX,
5,173037,Friday,,1,PHARMACY RX,
5,173037,Friday,,1,PHARMACY RX,
5,173049,Friday,,1,PHARMACY RX,
5,173049,Friday,,1,PHARMACY RX,
5,173117,Friday,,1,PHARMACY RX,
5,173166,Friday,,1,PHARMACY RX,
999,173321,Friday,,-1,,
5,173477,Friday,,1,PHARMACY RX,
5,173477,Friday,,1,PHARMACY RX,
5,173477,Friday,,1,PHARMACY RX,
5,173477,Friday,,1,PHARMACY RX,
5,173562,Friday,,1,PHARMACY RX,
5,173562,Friday,,1,PHARMACY RX,
5,173562,Friday,,1,PHARMACY RX,
5,173598,Friday,,1,PHARMACY RX,
5,173622,Friday,,1,PHARMACY RX,
5,173866,Friday,,1,PHARMACY RX,
5,173875,Friday,,1,PHARMACY RX,
999,174330,Friday,,-1,,
5,174370,Friday,,1,PHARMACY RX,
40,174388,Friday,,1,,
5,174492,Friday,,1,PHARMACY RX,
5,174507,Friday,,1,PHARMACY RX,
5,174620,Friday,,1,PHARMACY RX,
5,174620,Friday,,1,PHARMACY RX,
5,174620,Friday,,1,PHARMACY RX,
40,174625,Friday,,2,,
999,174626,Friday,,-1,,
999,174626,Friday,,-1,,
5,174651,Friday,,1,PHARMACY RX,
5,174686,Friday,,1,PHARMACY RX,
5,174686,Friday,,1,PHARMACY RX,
5,174729,Friday,,1,PHARMACY RX,
5,174798,Friday,,1,PHARMACY RX,
5,175020,Friday,,1,PHARMACY RX,
5,175045,Friday,,1,PHARMACY RX,
5,175045,Friday,,1,PHARMACY RX,
44,175096,Friday,,1,,
5,175118,Friday,,1,PHARMACY RX,
39,175161,Friday,,1,,
40,175215,Friday,,1,,
999,175463,Friday,,1,PHARMACY RX,
999,175463,Friday,,-1,PHARMACY RX,
5,175555,Friday,,1,PHARMACY RX,
5,175710,Friday,,1,PHARMACY RX,
5,175710,Friday,,1,PHARMACY RX,
5,175777,Friday,,1,PHARMACY RX,
5,175931,Friday,,1,PHARMACY RX,
40,175957,Friday,,-1,,
40,175957,Friday,,1,,
5,176068,Friday,,1,PHARMACY RX,
5,176068,Friday,,1,PHARMACY RX,
5,176068,Friday,,1,PHARMACY RX,
5,176068,Friday,,1,PHARMACY RX,
5,176190,Friday,,1,PHARMACY RX,
5,176190,Friday,,1,PHARMACY RX,
5,176308,Friday,,1,PHARMACY RX,
5,176308,Friday,,1,PHARMACY RX,
5,176326,Friday,,1,PHARMACY RX,
5,176598,Friday,,1,PHARMACY RX,
999,176661,Friday,,-1,,
999,176661,Friday,,-1,,
5,176694,Friday,,1,PHARMACY RX,
5,176694,Friday,,1,PHARMACY RX,
5,176694,Friday,,1,PHARMACY RX,
5,176735,Friday,,1,PHARMACY RX,
5,176735,Friday,,1,PHARMACY RX,
5,176832,Friday,,1,PHARMACY RX,
5,176832,Friday,,1,PHARMACY RX,
5,176832,Friday,,1,PHARMACY RX,
5,176832,Friday,,1,PHARMACY RX,
33,176988,Friday,,1,,
5,177006,Friday,,1,PHARMACY RX,
5,177006,Friday,,1,PHARMACY RX,
34,177136,Friday,,1,,
8,177167,Friday,,1,,
8,177215,Friday,,1,,
20,177468,Friday,,1,,
33,177526,Friday,,1,,
27,177590,Friday,,1,,
40,177794,Friday,,1,,
40,178371,Saturday,,1,,
5,178765,Saturday,,1,PHARMACY RX,
999,178825,Saturday,,-2,,
5,178831,Saturday,,1,PHARMACY RX,
5,178852,Saturday,,1,PHARMACY RX,
5,178859,Saturday,,1,PHARMACY RX,
5,178915,Saturday,,1,PHARMACY RX,
5,178915,Saturday,,1,PHARMACY RX,
5,178940,Saturday,,1,PHARMACY RX,
42,178973,Saturday,,1,PHARMACY RX,
5,179021,Saturday,,1,PHARMACY RX,
5,179094,Saturday,,1,PHARMACY RX,
5,179094,Saturday,,1,PHARMACY RX,
5,179094,Saturday,,1,PHARMACY RX,
5,179094,Saturday,,1,PHARMACY RX,
5,179094,Saturday,,1,PHARMACY RX,
33,179105,Saturday,,2,,
33,179105,Saturday,,2,,
39,179117,Saturday,,1,,
5,179131,Saturday,,1,PHARMACY RX,
5,179131,Saturday,,1,PHARMACY RX,
5,179131,Saturday,,1,PHARMACY RX,
5,179131,Saturday,,1,PHARMACY RX,
5,179131,Saturday,,1,PHARMACY RX,
999,179175,Saturday,,1,,
5,179302,Saturday,,1,PHARMACY RX,
5,179325,Saturday,,1,PHARMACY RX,
5,179325,Saturday,,1,PHARMACY RX,
5,179325,Saturday,,1,PHARMACY RX,
5,179359,Saturday,,1,PHARMACY RX,
5,179407,Saturday,,1,PHARMACY RX,
5,179407,Saturday,,1,PHARMACY RX,
5,179407,Saturday,,1,PHARMACY RX,
5,179407,Saturday,,1,PHARMACY RX,
5,179407,Saturday,,1,PHARMACY RX,
999,179541,Saturday,,1,PHARMACY RX,
999,179541,Saturday,,1,PHARMACY RX,
999,179541,Saturday,,-1,PHARMACY RX,
999,179541,Saturday,,-1,PHARMACY RX,
5,179612,Saturday,,1,PHARMACY RX,
5,179758,Saturday,,1,PHARMACY RX,
5,179758,Saturday,,1,PHARMACY RX,
5,179758,Saturday,,1,PHARMACY RX,
5,179777,Saturday,,1,PHARMACY RX,
5,179777,Saturday,,1,PHARMACY RX,
5,179777,Saturday,,1,PHARMACY RX,
5,179777,Saturday,,1,PHARMACY RX,
5,179799,Saturday,,1,PHARMACY RX,
5,179922,Saturday,,1,,
5,179965,Saturday,,1,PHARMACY RX,
5,179965,Saturday,,1,PHARMACY RX,
5,179965,Saturday,,1,PHARMACY RX,
5,179965,Saturday,,1,PHARMACY RX,
40,180013,Saturday,,1,,
5,180240,Saturday,,1,PHARMACY RX,
5,180240,Saturday,,1,PHARMACY RX,
5,180314,Saturday,,1,PHARMACY RX,
5,180384,Saturday,,1,PHARMACY RX,
5,180432,Saturday,,1,PHARMACY RX,
5,180432,Saturday,,1,PHARMACY RX,
999,180639,Saturday,,-1,,
5,180697,Saturday,,1,PHARMACY RX,
999,181024,Saturday,,1,PHARMACY RX,
999,181062,Saturday,,-1,,
25,181154,Saturday,,1,,
25,181154,Saturday,,1,,
25,181169,Saturday,,1,,
25,181169,Saturday,,3,,
25,181169,Saturday,,1,,
5,181311,Saturday,,1,PHARMACY RX,
5,181326,Saturday,,1,PHARMACY RX,
999,181334,Saturday,,1,,
5,181436,Saturday,,1,PHARMACY RX,
5,181640,Saturday,,1,PHARMACY RX,
5,181842,Saturday,,1,PHARMACY RX,
25,181870,Saturday,,1,PHARMACY RX,
5,181889,Saturday,,1,PHARMACY RX,
39,182120,Saturday,,1,,
5,182122,Saturday,,1,PHARMACY RX,
5,182132,Saturday,,1,PHARMACY RX,
5,182132,Saturday,,1,PHARMACY RX,
5,182182,Saturday,,1,PHARMACY RX,
5,182182,Saturday,,1,PHARMACY RX,
22,182302,Saturday,,1,,
5,182546,Saturday,,1,PHARMACY RX,
5,182546,Saturday,,1,PHARMACY RX,
5,182546,Saturday,,1,PHARMACY RX,
5,182546,Saturday,,1,PHARMACY RX,
999,182836,Saturday,,-1,,
9,183037,Saturday,,1,,
999,183367,Saturday,,-1,,
42,183374,Saturday,,1,,
34,183583,Saturday,,2,,
34,183583,Saturday,,1,,
8,183719,Saturday,,1,,
24,183868,Saturday,,1,,
39,183870,Saturday,,1,,
8,183935,Saturday,,1,,
35,184001,Saturday,,1,,
41,184132,Saturday,,1,,
36,184241,Saturday,,1,,
999,184578,Sunday,,1,,
40,184681,Sunday,,1,,
25,184760,Sunday,,1,,
5,184959,Sunday,,1,PHARMACY RX,
5,185240,Sunday,,1,PHARMACY RX,
5,185277,Sunday,,1,PHARMACY RX,
5,185428,Sunday,,1,PHARMACY RX,
5,185428,Sunday,,1,PHARMACY RX,
999,185588,Sunday,,-1,,
5,185603,Sunday,,1,PHARMACY RX,
5,185603,Sunday,,1,PHARMACY RX,
5,185603,Sunday,,1,PHARMACY RX,
5,185603,Sunday,,1,PHARMACY RX,
5,185712,Sunday,,1,PHARMACY RX,
5,185712,Sunday,,1,PHARMACY RX,
25,185730,Sunday,,4,,
25,185730,Sunday,,-1,,
25,185730,Sunday,,1,,
5,185855,Sunday,,1,PHARMACY RX,
5,185855,Sunday,,1,PHARMACY RX,
5,185855,Sunday,,1,PHARMACY RX,
25,186169,Sunday,,3,,
5,186191,Sunday,,1,PHARMACY RX,
5,186191,Sunday,,1,PHARMACY RX,
5,186191,Sunday,,1,PHARMACY RX,
5,186191,Sunday,,1,PHARMACY RX,
42,186209,Sunday,,1,,
42,186209,Sunday,,1,,
999,186219,Sunday,,-1,PHARMACY RX,
5,186262,Sunday,,1,PHARMACY RX,
5,186273,Sunday,,1,PHARMACY RX,
5,186281,Sunday,,1,PHARMACY RX,
5,186316,Sunday,,1,PHARMACY RX,
42,186603,Sunday,,1,,
999,186659,Sunday,,-1,,
999,186659,Sunday,,-1,,
5,186772,Sunday,,1,PHARMACY RX,
5,186843,Sunday,,1,PHARMACY RX,
5,187080,Sunday,,1,PHARMACY RX,
5,187080,Sunday,,1,PHARMACY RX,
5,187113,Sunday,,1,PHARMACY RX,
5,187113,Sunday,,1,PHARMACY RX,
5,187157,Sunday,,1,PHARMACY RX,
39,187186,Sunday,,1,,
5,187562,Sunday,,1,PHARMACY RX,
5,187562,Sunday,,1,PHARMACY RX,
42,187595,Sunday,,1,,
5,187802,Sunday,,1,PHARMACY RX,
5,187814,Sunday,,1,PHARMACY RX,
5,188156,Sunday,,1,PHARMACY RX,
32,188267,Sunday,,1,,
44,188391,Sunday,,1,,
38,188403,Sunday,,1,PHARMACY RX,
5,188502,Sunday,,1,PHARMACY RX,
5,188502,Sunday,,1,PHARMACY RX,
40,188580,Sunday,,1,,
39,188619,Sunday,,1,,
44,188673,Sunday,,1,,
8,188743,Sunday,,1,,
40,188775,Sunday,,1,,
5,188896,Sunday,,1,PHARMACY RX,
25,188898,Sunday,,4,,
25,188898,Sunday,,2,,
25,188898,Sunday,,-2,,
25,188898,Sunday,,1,,
25,188898,Sunday,,1,,
40,188901,Sunday,,1,,
40,188907,Sunday,,2,,
40,188907,Sunday,,3,,
40,188907,Sunday,,2,,
5,188940,Sunday,,1,PHARMACY RX,
33,189818,Sunday,,1,,
40,190133,Sunday,,1,,
999,190182,Sunday,,-1,,
40,190230,Sunday,,1,,
39,190309,Sunday,,1,,
41,190408,Sunday,,1,,
